CREATE TABLE IF NOT EXISTS `active_event_id` (
  `active_event` int(10) unsigned NOT NULL,
  `name` text COLLATE latin1_bin NOT NULL,
  PRIMARY KEY (`active_event`)
);

DELETE FROM `active_event_id` WHERE `active_event`=12;
INSERT INTO `active_event_id` (`active_event`, `name`) VALUES (12,"Day of the Dead");

DELETE FROM `creature_spawns` WHERE `id` BETWEEN '421376' AND '421522';
INSERT INTO `creature_spawns` (`id`, `entry`, `map`, `position_x`, `position_y`, `position_z`, `orientation`, `movetype`, `displayid`, `faction`, `flags`, `bytes0`, `bytes1`, `bytes2`, `emote_state`, `npc_respawn_link`, `channel_spell`, `channel_target_sqlid`, `channel_target_sqlid_creature`, `standstate`, `death_state`, `mountdisplayid`, `slot1item`, `slot2item`, `slot3item`, `CanFly`, `phase`) VALUES
	('421376',34476,0,'1830.34','219.535','60.6017','4.58298',0,29228,1801,'0','0','0','0',0,'0','0','0','0',0,0,'0','0','0','0',0,'1'),
	('421377',34382,0,'-9327.6','178.975','61.6973','4.10484',0,29203,35,'0','0','0','0',0,'0','0','0','0',0,0,'0','0','0','0',0,'1'),
	('421378',34382,1,'1180.53','-4465.53','21.3293','0.944794',0,29203,35,'0','0','0','0',0,'0','0','0','0',0,0,'0','0','0','0',0,'1'),
	('421379',35243,530,'9411.01','-6855.19','14.9017','1.27278',0,29697,1801,'0','0','0','0',10,'0','0','0','0',0,0,'0','0','0','0',0,'1'),
	('421380',35260,530,'-1810.34','4923.26','-21.8439','5.41099',0,29732,1743,'0','0','0','0',0,'0','0','0','0',0,0,'0','0','0','0',0,'1'),
	('421381',35261,530,'-1796.9','4928.76','-22.2745','3.23936',0,29733,1744,'0','0','0','0',0,'0','0','0','0',0,0,'0','0','0','0',0,'1'),
	('421382',35259,530,'-1801.26','4929.1','-22.3108','6.17282',0,29728,1743,'0','0','0','0',10,'0','0','0','0',0,0,'0','0','0','0',0,'1'),
	('421383',35259,530,'-1792.87','4928.28','-22.1848','2.99981',0,29731,1743,'0','0','0','0',10,'0','0','0','0',0,0,'0','0','0','0',0,'1'),
	('421384',35259,530,'-1797.58','4924.28','-21.9414','1.31905',0,29730,1743,'0','0','0','0',10,'0','0','0','0',0,0,'0','0','0','0',0,'1'),
	('421385',35259,530,'-1796.3','4933.33','-22.3432','4.54704',0,29729,1743,'0','0','0','0',10,'0','0','0','0',0,0,'0','0','0','0',0,'1'),
	('421386',34481,0,'-5167.84','-870.949','506.706','1.024',0,29233,1802,'0','0','0','0',0,'0','0','0','0',0,0,'0','0','0','0',0,'1'),
	('421387',34478,0,'-5165.9','-866.76','506.808','4.28811',0,29230,1802,'0','0','0','0',0,'0','0','0','0',0,0,'0','0','0','0',0,'1'),
	('421388',35247,0,'-5162.65','-873.025','507.206','1.00122',0,29704,1802,'0','0','0','0',10,'0','0','0','0',0,0,'0','0','0','0',0,'1'),
	('421389',35254,571,'5835.24','754.043','641.008','3.64153',0,29718,35,'0','0','0','0',10,'0','0','0','0',0,0,'0','0','0','0',0,'65535'),
	('421390',35254,571,'5828.15','741.877','642.46','1.24607',0,29717,35,'0','0','0','0',10,'0','0','0','0',0,0,'0','0','0','0',0,'65535'),
	('421391',35243,530,'9414.6','-6853.32','14.9361','2.67472',0,29698,1801,'0','0','0','0',10,'0','0','0','0',0,0,'0','0','0','0',0,'1'),
	('421392',35248,0,'-5155.64','-863.343','507.652','4.05641',0,29706,1802,'0','0','0','0',10,'0','0','0','0',0,0,'0','0','0','0',0,'1'),
	('421393',35248,0,'-5154.91','-867.566','507.758','2.45027',0,29705,1802,'0','0','0','0',10,'0','0','0','0',0,0,'0','0','0','0',0,'1'),
	('421394',35248,0,'-5159.06','-867.484','507.333','0.859842',0,29706,1802,'0','0','0','0',10,'0','0','0','0',0,0,'0','0','0','0',0,'1'),
	('421395',35248,0,'-5155','-856.249','508.059','1.51565',0,29706,1802,'0','0','0','0',10,'0','0','0','0',0,0,'0','0','0','0',0,'1'),
	('421396',35249,0,'-9346.44','171.041','61.5582','2.74061',0,29707,1802,'0','0','0','0',10,'0','0','0','0',0,0,'0','0','0','0',0,'1'),
	('421397',35249,0,'-9340.16','183.339','61.5512','0.349854',0,29708,1802,'0','0','0','0',10,'0','0','0','0',0,0,'0','0','0','0',0,'1'),
	('421398',35244,0,'1821.83','225.812','60.919','5.50582',0,29699,1801,'0','0','0','0',10,'0','0','0','0',0,0,'0','0','0','0',0,'1'),
	('421399',35244,0,'1834.67','215.873','60.1774','2.55665',0,29699,1801,'0','0','0','0',10,'0','0','0','0',0,0,'0','0','0','0',0,'1'),
	('421400',35254,571,'5841.11','762.141','640.661','0.480303',0,29720,35,'0','0','0','0',10,'0','0','0','0',0,0,'0','0','0','0',0,'65535'),
	('421401',35244,0,'1824.9','218.875','60.4469','0.0315971',0,29700,1801,'0','0','0','0',10,'0','0','0','0',0,0,'0','0','0','0',0,'1'),
	('421402',35244,0,'1833.58','225.962','60.4294','4.33165',0,29699,1801,'0','0','0','0',10,'0','0','0','0',0,0,'0','0','0','0',0,'1'),
	('421403',35244,0,'1828.46','224.586','60.4551','5.29769',0,29700,1801,'0','0','0','0',10,'0','0','0','0',0,0,'0','0','0','0',0,'1'),
	('421404',35244,0,'1836.95','222.233','60.2385','3.22031',0,29700,1801,'0','0','0','0',10,'0','0','0','0',0,0,'0','0','0','0',0,'1'),
	('421405',34482,1,'1181.51','-4469.65','21.2349','1.4121',0,29234,1801,'0','0','0','0',0,'0','0','0','0',0,0,'0','0','0','0',0,'1'),
	('421406',34435,0,'-9354.72','167.942','61.665','0.27367',0,29226,1802,'0','0','0','0',0,'0','0','0','0',0,0,'0','0','0','0',0,'1'),
	('421407',34477,1,'1173.47','-4462.54','21.3309','0.60707',0,29229,1801,'0','0','0','0',0,'0','0','0','0',0,0,'0','0','0','0',0,'1'),
	('421408',35256,571,'5831.01','751.564','641.134','3.40199',0,29719,35,'0','0','0','0',0,'0','0','0','0',0,0,'0','0','0','0',0,'65535'),
	('421409',35254,571,'5829.42','754.776','640.729','5.14164',0,29717,35,'0','0','0','0',10,'0','0','0','0',0,0,'0','0','0','0',0,'65535'),
	('421410',35254,571,'5827.15','751.291','640.952','0.150437',0,29718,35,'0','0','0','0',10,'0','0','0','0',0,0,'0','0','0','0',0,'65535'),
	('421411',35254,571,'5830.31','746.699','641.251','1.36388',0,29717,35,'0','0','0','0',10,'0','0','0','0',0,0,'0','0','0','0',0,'65535'),
	('421412',35254,571,'5835.25','748.654','641.162','2.59303',0,29721,35,'0','0','0','0',10,'0','0','0','0',0,0,'0','0','0','0',0,'65535'),
	('421413',35248,0,'-5159.96','-863.16','507.247','5.49762',0,29705,1802,'0','0','0','0',10,'0','0','0','0',0,0,'0','0','0','0',0,'1'),
	('421414',35253,1,'1186.12','-4465.53','21.2886','1.73018',0,29715,1801,'0','0','0','0',10,'0','0','0','0',0,0,'0','0','0','0',0,'1'),
	('421415',35247,0,'-5160.49','-869.137','507.265','4.21349',0,29703,1802,'0','0','0','0',10,'0','0','0','0',0,0,'0','0','0','0',0,'1'),
	('421416',35247,0,'-5164.33','-869.728','507.01','5.69397',0,29703,1802,'0','0','0','0',10,'0','0','0','0',0,0,'0','0','0','0',0,'1'),
	('421417',35247,0,'-5158.7','-872.414','507.406','2.72124',0,29704,1802,'0','0','0','0',10,'0','0','0','0',0,0,'0','0','0','0',0,'1'),
	('421418',34483,530,'9407.42','-6859.87','14.8699','3.93528',0,29235,1801,'0','0','0','0',0,'0','0','0','0',0,0,'0','0','0','0',0,'1'),
	('421419',35243,530,'9407.46','-6852.95','15.239','0.00436234',0,29698,1801,'0','0','0','0',10,'0','0','0','0',0,0,'0','0','0','0',0,'1'),
	('421420',35243,530,'9409.6','-6847.61','15.5215','4.92881',0,29698,1801,'0','0','0','0',10,'0','0','0','0',0,0,'0','0','0','0',0,'1'),
	('421421',35243,530,'9415.1','-6848.51','15.1693','3.83318',0,29697,1801,'0','0','0','0',10,'0','0','0','0',0,0,'0','0','0','0',0,'1'),
	('421422',35249,0,'-9342.2','187.984','61.5586','5.25467',0,29708,1802,'0','0','0','0',10,'0','0','0','0',0,0,'0','0','0','0',0,'1'),
	('421423',18927,0,'-8855.97','652.546','96.2675','5.07716',0,19178,11,'0','0','0','0',0,'0','0','0','0',0,0,'0','0','0','0',0,'1'),
	('421424',18927,571,'5678.09','658.93','647.134','0.088838',0,19178,11,'0','0','0','0',0,'0','0','0','0',0,0,'0','0','0','0',0,'1'),
	('421425',18927,0,'-8854.78','649.83','96.7417','1.43117',0,19177,11,'0','0','0','0',0,'0','0','0','0',0,0,'0','0','0','0',0,'1'),
	('421426',18927,571,'5719.3','687.257','645.752','5.72721',0,19177,11,'0','0','0','0',0,'0','0','0','0',0,0,'0','0','0','0',0,'1'),
	('421427',19169,530,'9659.86','-7115.63','14.3239','5.88552',0,19169,1602,'0','0','0','0',0,'0','0','0','0',0,0,'0','0','0','0',0,'1'),
	('421428',19169,571,'5889.57','550.355','639.637','1.57167',0,19170,1602,'0','0','0','0',0,'0','0','0','0',0,0,'0','0','0','0',0,'1'),
	('421429',19169,571,'5928.98','639.593','645.557','3.01052',0,19170,1602,'0','0','0','0',0,'0','0','0','0',0,0,'0','0','0','0',0,'1'),
	('421430',19169,530,'9664.38','-7117.91','14.324','2.63397',0,19169,1602,'0','0','0','0',0,'0','0','0','0',0,0,'0','0','0','0',0,'1'),
	('421431',19148,0,'-4914.82','-951.191','501.498','4.5773',0,19174,55,'0','0','0','0',0,'0','0','0','0',0,0,'0','0','0','0',0,'1'),
	('421432',19148,0,'-4915.33','-953.892','501.498','2.25016',0,19173,55,'0','0','0','0',0,'0','0','0','0',0,0,'0','0','0','0',0,'1'),
	('421433',19171,530,'-3910.91','-11612.4','-138.243','4.99941',0,19171,1638,'0','0','0','0',0,'0','0','0','0',0,0,'0','0','0','0',0,'1'),
	('421434',19171,530,'-3909.22','-11614.8','-138.101','3.1765',0,19172,1638,'0','0','0','0',0,'0','0','0','0',0,0,'0','0','0','0',0,'1'),
	('421435',19172,0,'-4826.78','-1175.89','502.193','2.45358',0,19175,64,'0','0','0','0',0,'0','0','0','0',0,0,'0','0','0','0',0,'1'),
	('421436',19172,0,'-4829.02','-1174.75','502.193','0.724139',0,19176,64,'0','0','0','0',0,'0','0','0','0',0,0,'0','0','0','0',0,'1'),
	('421437',19173,1,'9923.44','2496.95','1317.49','2.28359',0,19180,80,'0','0','0','0',0,'0','0','0','0',0,0,'0','0','0','0',0,'1'),
	('421438',19173,1,'9921.56','2499.58','1317.77','5.61996',0,19179,80,'0','0','0','0',0,'0','0','0','0',0,0,'0','0','0','0',0,'1'),
	('421439',19178,0,'1626.7','222.7','-43.1027','1.01229',0,19187,68,'0','0','0','0',0,'0','0','0','0',0,0,'0','0','0','0',0,'1'),
	('421440',19178,0,'1629.95','219.238','-43.1027','1.91079',0,19188,68,'0','0','0','0',0,'0','0','0','0',0,0,'0','0','0','0',0,'1'),
	('421441',19177,1,'1688.01','-4350.19','61.2691','2.56413',0,19186,126,'0','0','0','0',0,'0','0','0','0',0,0,'0','0','0','0',0,'1'),
	('421442',19177,1,'1685.07','-4352.88','61.7253','1.79601',0,19185,126,'0','0','0','0',0,'0','0','0','0',0,0,'0','0','0','0',0,'1'),
	('421443',19176,1,'-1241.98','81.7344','129.422','5.4992',0,19184,104,'0','0','0','0',0,'0','0','0','0',0,0,'0','0','0','0',0,'1'),
	('421444',19176,1,'-1242.68','76.7127','128.935','1.27376',0,19183,104,'0','0','0','0',0,'0','0','0','0',0,0,'0','0','0','0',0,'1'),
	('421445',19175,1,'1607.39','-4402.93','10.1664','3.11715',0,19181,29,'0','0','0','0',0,'0','0','0','0',0,0,'0','0','0','0',0,'1'),
	('421446',19175,1,'1603.36','-4404.49','9.30901','0.627438',0,19182,29,'0','0','0','0',0,'0','0','0','0',0,0,'0','0','0','0',0,'1'),
	('421447',20102,1,'6747.03','-4664.43','724.551','3.61009',0,19343,35,'0','0','0','0',0,'0','0','0','0',0,0,'0','0','0','0',0,'1'),
	('421448',20102,1,'-938.792','-3735.2','8.57162','3.66385',0,19340,35,'0','0','0','0',0,'0','0','0','0',0,0,'0','0','0','0',0,'1'),
	('421449',20102,1,'-7177.24','-3810.02','8.3753','0.711558',0,19340,35,'0','0','0','0',0,'0','0','0','0',0,0,'0','0','0','0',0,'1'),
	('421450',20102,0,'-14464.9','470.287','15.0369','5.96098',0,19343,35,'0','0','0','0',0,'0','0','0','0',0,0,'0','0','0','0',0,'1'),
	('421451',20102,530,'-1888.02','5400.44','-12.4278','5.97919',0,19343,35,'0','0','0','0',0,'0','0','0','0',0,0,'0','0','0','0',0,'1'),
	('421452',20102,530,'3035.51','3635.08','144.47','0.901821',0,19340,35,'0','0','0','0',0,'0','0','0','0',0,0,'0','0','0','0',0,'1'),
	('421453',20102,1,'6745.48','-4667.44','723.103','1.03712',0,19340,35,'0','0','0','0',0,'0','0','0','0',0,0,'0','0','0','0',0,'1'),
	('421454',20102,1,'-936.306','-3738.3','8.96324','3.35283',0,19343,35,'0','0','0','0',0,'0','0','0','0',0,0,'0','0','0','0',0,'1'),
	('421455',20102,1,'-7173.14','-3808.58','8.37043','3.3285',0,19340,35,'0','0','0','0',0,'0','0','0','0',0,0,'0','0','0','0',0,'1'),
	('421456',20102,0,'-14461.4','468.507','15.1232','2.66545',0,19343,35,'0','0','0','0',0,'0','0','0','0',0,0,'0','0','0','0',0,'1'),
	('421457',20102,530,'-1884.63','5397.52','-12.4278','2.51637',0,19340,35,'0','0','0','0',0,'0','0','0','0',0,0,'0','0','0','0',0,'1'),
	('421458',20102,530,'3038.56','3635.53','144.012','3.32713',0,19343,35,'0','0','0','0',0,'0','0','0','0',0,0,'0','0','0','0',0,'1'),
	('421459',35249,0,'-9344.05','175.877','61.5584','3.59669',0,29708,1802,'0','0','0','0',10,'0','0','0','0',0,0,'0','0','0','0',0,'1'),
	('421460',35249,0,'-9318.67','173.348','61.613','2.83957',0,29707,1802,'0','0','0','0',10,'0','0','0','0',0,0,'0','0','0','0',0,'1'),
	('421461',35249,0,'-9329.31','166.352','61.5815','1.76357',0,29708,1802,'0','0','0','0',10,'0','0','0','0',0,0,'0','0','0','0',0,'1'),
	('421462',35249,0,'-9322.06','168.47','61.6066','2.40367',0,29707,1802,'0','0','0','0',10,'0','0','0','0',0,0,'0','0','0','0',0,'1'),
	('421463',35253,1,'1174.68','-4467.53','21.2746','0.833251',0,29716,1801,'0','0','0','0',10,'0','0','0','0',0,0,'0','0','0','0',0,'1'),
	('421464',35249,0,'-9349.19','176.153','61.726','5.18634',0,29708,1802,'0','0','0','0',10,'0','0','0','0',0,0,'0','0','0','0',0,'1'),
	('421465',35249,0,'-9350.81','171.018','61.7532','1.0198',0,29707,1802,'0','0','0','0',10,'0','0','0','0',0,0,'0','0','0','0',0,'1'),
	('421466',35249,0,'-9337.56','188.283','61.5117','3.72314',0,29708,1802,'0','0','0','0',10,'0','0','0','0',0,0,'0','0','0','0',0,'1'),
	('421467',35253,1,'1182','-4463.02','21.2426','2.68915',0,29716,1801,'0','0','0','0',10,'0','0','0','0',0,0,'0','0','0','0',0,'1'),
	('421468',35252,1,'-979.443','-57.4083','26.7673','4.68334',0,29714,1801,'0','0','0','0',10,'0','0','0','0',0,0,'0','0','0','0',0,'1'),
	('421469',35252,1,'-975.356','-76.2146','18.7461','2.57848',0,29713,1801,'0','0','0','0',10,'0','0','0','0',0,0,'0','0','0','0',0,'1'),
	('421470',35252,1,'-975.337','-71.6525','18.3695','3.78799',0,29714,1801,'0','0','0','0',10,'0','0','0','0',0,0,'0','0','0','0',0,'1'),
	('421471',35252,1,'-979.773','-70.3366','19.8615','5.07447',0,29713,1801,'0','0','0','0',10,'0','0','0','0',0,0,'0','0','0','0',0,'1'),
	('421472',35252,1,'-979.099','-78.4939','19.6825','0.8451',0,29713,1801,'0','0','0','0',10,'0','0','0','0',0,0,'0','0','0','0',0,'1'),
	('421473',34480,1,'-979.399','-75.0704','19.5113','0.118608',0,29232,1801,'0','0','0','0',0,'0','0','0','0',0,0,'0','0','0','0',0,'1'),
	('421474',35250,1,'10066','2125.69','1329.66','1.12742',0,29710,1802,'0','0','0','0',10,'0','0','0','0',0,0,'0','0','0','0',0,'1'),
	('421475',35250,1,'10058.4','2135.92','1330.81','4.55176',0,29709,1802,'0','0','0','0',10,'0','0','0','0',0,0,'0','0','0','0',0,'1'),
	('421476',35250,1,'10045','2109.59','1330.2','0.224221',0,29710,1802,'0','0','0','0',10,'0','0','0','0',0,0,'0','0','0','0',0,'1'),
	('421477',35250,1,'10053.8','2104.68','1330.93','1.5594',0,29709,1802,'0','0','0','0',10,'0','0','0','0',0,0,'0','0','0','0',0,'1'),
	('421478',35250,1,'10052.9','2111.1','1330.06','1.93246',0,29710,1802,'0','0','0','0',10,'0','0','0','0',0,0,'0','0','0','0',0,'1'),
	('421479',34479,1,'10061.5','2128.42','1330.17','2.73357',0,29231,1802,'0','0','0','0',0,'0','0','0','0',0,0,'0','0','0','0',0,'1'),
	('421480',35243,530,'9404.91','-6859.42','15.101','4.17483',0,29697,1801,'0','0','0','0',10,'0','0','0','0',0,0,'0','0','0','0',0,'1'),
	('421481',35250,1,'10052.9','2127.26','1330.13','3.93523',0,29710,1802,'0','0','0','0',10,'0','0','0','0',0,0,'0','0','0','0',0,'1'),
	('421482',35250,1,'10059.1','2123.97','1330.28','5.04264',0,29709,1802,'0','0','0','0',10,'0','0','0','0',0,0,'0','0','0','0',0,'1'),
	('421483',35250,1,'10063.5','2117.74','1330.03','3.55824',0,29710,1802,'0','0','0','0',10,'0','0','0','0',0,0,'0','0','0','0',0,'1'),
	('421484',35250,1,'10062.2','2109.76','1330.92','2.08954',0,29709,1802,'0','0','0','0',10,'0','0','0','0',0,0,'0','0','0','0',0,'1'),
	('421485',35251,1,'1172.3','-4460.54','21.4697','6.19124',0,29711,1801,'0','0','0','0',10,'0','0','0','0',0,0,'0','0','0','0',0,'1'),
	('421486',35253,1,'1176.79','-4460.38','21.4269','5.82603',0,29715,1801,'0','0','0','0',10,'0','0','0','0',0,0,'0','0','0','0',0,'1'),
	('421487',35251,1,'1180.91','-4471.22','21.1603','1.71055',0,29712,1801,'0','0','0','0',10,'0','0','0','0',0,0,'0','0','0','0',0,'1'),
	('421488',34484,530,'-4329.44','-12443.6','17.6841','5.62257',0,29236,1802,'0','0','0','0',0,'0','0','0','0',0,0,'0','0','0','0',0,'1'),
	('421489',35254,571,'5848.22','760.619','641.147','4.64684',0,29721,35,'0','0','0','0',10,'0','0','0','0',0,0,'0','0','0','0',0,'65535'),
	('421490',34382,571,'5844.1','764.778','640.546','4.20309',0,29203,35,'0','0','0','0',0,'0','0','0','0',0,0,'0','0','0','0',0,'65535'),
	('421491',34382,0,'1832.47','210.797','60.312','2.04222',0,29203,35,'0','0','0','0',0,'0','0','0','0',0,0,'0','0','0','0',0,'1'),
	('421492',34382,530,'9406.42','-6864.02','14.8942','1.19424',0,29203,35,'0','0','0','0',0,'0','0','0','0',0,0,'0','0','0','0',0,'1'),
	('421493',34382,1,'10058.2','2133','1329.66','4.43788',0,29203,35,'0','0','0','0',0,'0','0','0','0',0,0,'0','0','0','0',0,'1'),
	('421494',34382,1,'-989.195','-59.6891','27.4632','5.21191',0,29203,35,'0','0','0','0',0,'0','0','0','0',0,0,'0','0','0','0',0,'1'),
	('421495',34382,530,'-4320.01','-12433.4','17.9088','5.1906',0,29203,35,'0','0','0','0',0,'0','0','0','0',0,0,'0','0','0','0',0,'1'),
	('421496',34382,530,'-1805.58','4911.74','-21.8346','1.35833',0,29203,35,'0','0','0','0',0,'0','0','0','0',0,0,'0','0','0','0',0,'1'),
	('421497',34382,0,'-5151.65','-852.495','508.667','4.58185',0,29203,35,'0','0','0','0',0,'0','0','0','0',0,0,'0','0','0','0',0,'1'),
	('421498',34383,571,'5844.93','762.949','640.713','2.86791',0,29204,35,'0','0','0','0',10,'0','0','0','0',0,0,'0','0','0','0',0,'65535'),
	('421499',34383,0,'1828.96','210.695','60.2619','1.24504',0,29204,35,'0','0','0','0',10,'0','0','0','0',0,0,'0','0','0','0',0,'1'),
	('421500',34383,530,'9403.71','-6861.68','15.0351','0.609119',0,29204,35,'0','0','0','0',10,'0','0','0','0',0,0,'0','0','0','0',0,'1'),
	('421501',34383,1,'10067','2128.44','1329.66','3.57394',0,29204,35,'0','0','0','0',10,'0','0','0','0',0,0,'0','0','0','0',0,'1'),
	('421502',34383,1,'-987.397','-58.6047','27.5876','4.96843',0,29204,35,'0','0','0','0',10,'0','0','0','0',0,0,'0','0','0','0',0,'1'),
	('421503',34383,530,'-4317.46','-12431.3','17.755','5.11599',0,29204,35,'0','0','0','0',10,'0','0','0','0',0,0,'0','0','0','0',0,'1'),
	('421504',34383,530,'-1809.42','4913.42','-21.8336','0.867451',0,29204,35,'0','0','0','0',10,'0','0','0','0',0,0,'0','0','0','0',0,'1'),
	('421505',34383,0,'-5155.07','-854.489','508.115','5.0845',0,29204,35,'0','0','0','0',10,'0','0','0','0',0,0,'0','0','0','0',0,'1'),
	('421506',35246,530,'-4326.98','-12448.5','16.9294','5.47334',0,29701,1802,'0','0','0','0',10,'0','0','0','0',0,0,'0','0','0','0',0,'1'),
	('421507',35246,530,'-4326.59','-12453.9','16.7549','0.721683',0,29702,1802,'0','0','0','0',10,'0','0','0','0',0,0,'0','0','0','0',0,'1'),
	('421508',35246,530,'-4319.13','-12455.1','17.4243','2.4417',0,29701,1802,'0','0','0','0',10,'0','0','0','0',0,0,'0','0','0','0',0,'1'),
	('421509',35246,530,'-4320.45','-12448.9','17.0584','3.68656',0,29701,1802,'0','0','0','0',10,'0','0','0','0',0,0,'0','0','0','0',0,'1'),
	('421510',35246,530,'-4309.37','-12444','17.5071','3.15249',0,29701,1802,'0','0','0','0',10,'0','0','0','0',0,0,'0','0','0','0',0,'1'),
	('421511',35246,530,'-4312.76','-12446.2','17.3102','1.3932',0,29702,1802,'0','0','0','0',10,'0','0','0','0',0,0,'0','0','0','0',0,'1'),
	('421512',35246,530,'-4313.48','-12441','17.2002','5.26914',0,29702,1802,'0','0','0','0',10,'0','0','0','0',0,0,'0','0','0','0',0,'1'),
	('421513',35246,530,'-4315.9','-12433.6','17.5953','2.19823',0,29702,1802,'0','0','0','0',10,'0','0','0','0',0,0,'0','0','0','0',0,'1'),
	('421514',35258,530,'-1806.01','4925.33','-21.878','3.62813',0,29723,1744,'0','0','0','0',10,'0','0','0','0',0,0,'0','0','0','0',0,'1'),
	('421515',35258,530,'-1812.25','4929.11','-21.6268','4.96723',0,29726,1744,'0','0','0','0',10,'0','0','0','0',0,0,'0','0','0','0',0,'1'),
	('421516',35258,530,'-1814.69','4922.25','-22.0148','0.254842',0,29725,1744,'0','0','0','0',10,'0','0','0','0',0,0,'0','0','0','0',0,'1'),
	('421517',35258,530,'-1809.16','4918.68','-21.982','1.82171',0,29724,1744,'0','0','0','0',10,'0','0','0','0',0,0,'0','0','0','0',0,'1'),
	('421518',35254,571,'5846.77','755.676','640.68','0.837661',0,29720,35,'0','0','0','0',10,'0','0','0','0',0,0,'0','0','0','0',0,'65535'),
	('421519',34383,0,'-9330.46','180.936','61.6792','4.1716',0,29204,35,'0','0','0','0',10,'0','0','0','0',0,0,'0','0','0','0',0,'1'),
	('421520',35254,571,'5850.95','756.541','640.434','2.81294',0,29718,35,'0','0','0','0',10,'0','0','0','0',0,0,'0','0','0','0',0,'65535'),
	('421521',34383,1,'1184.43','-4467.28','21.3388','1.2079',0,29204,35,'0','0','0','0',10,'0','0','0','0',0,0,'0','0','0','0',0,'1'),
	('421522',35249,0,'-9327.92','185.507','62.7096','4.07265',0,29707,1802,'0','0','0','0',10,'0','0','0','0',0,0,'0','0','0','0',0,'1');

DELETE FROM `gameobject_spawns` WHERE `id` BETWEEN '512168' AND '512570';
INSERT INTO `gameobject_spawns` (`id`, `Entry`, `map`, `position_x`, `position_y`, `position_z`, `Facing`, `orientation1`, `orientation2`, `orientation3`, `orientation4`, `State`, `Flags`, `Faction`, `Scale`, `stateNpcLink`, `phase`, `overrides`) VALUES
	('512168','180338','0','-9348.98','178.703','61.5579','0','0','0','0','1','1','0','0','1','0','1','0'),
	('512169','180340','0','-9339.22','189.583','64.5236','0','0','0','0','1','1','0','0','1','0','1','0'),
	('512170','180338','0','-9333.5','173.908','61.6418','0','0','0','0','1','1','0','0','1','0','1','0'),
	('512171','180757','0','-9335.65','186.467','64.3255','-2.14675','0','0','-0.878816','0.477161','1','0','0','1','0','1','0'),
	('512172','182807','0','-9335.46','175.405','61.6072','0','0','0','0','1','1','0','0','1','0','1','0'),
	('512173','195063','0','-9340.66','187.524','61.5517','0','0','0','0','1','1','0','0','1','0','1','0'),
	('512174','180338','0','-9335.41','185.036','61.7617','0','0','0','0','1','1','0','0','1','0','1','0'),
	('512175','195067','0','-9352.43','172.927','61.5748','0','0','0','0','1','1','0','0','0.5','0','1','0'),
	('512176','180338','0','-9335.63','175.863','61.6036','0','0','0','0','1','1','0','0','1','0','1','0'),
	('512177','180338','0','-9354.08','169.863','61.6176','0','0','0','0','1','1','0','0','1','0','1','0'),
	('512178','180340','0','-9336.98','186.017','61.7617','0','0','0','0','1','1','0','0','1','0','1','0'),
	('512179','195063','0','-9334.96','176.014','63.3874','0','0','0','0','1','1','0','0','1','0','1','0'),
	('512180','180340','0','-9353.81','170.375','61.6052','0','0','0','0','1','1','0','0','1','0','1','0'),
	('512181','180338','0','-9352.87','173.212','63.3713','0','0','0','0','1','1','0','0','1','0','1','0'),
	('512182','195307','0','-9351.13','177.262','62.7149','-2.30383','0','0','-0.913544','0.406739','1','0','0','1','0','1','0'),
	('512183','180338','0','-9352.09','175.644','62.6912','0','0','0','0','1','1','0','0','1','0','1','0'),
	('512184','195090','0','-9329.17','184.085','62.9158','-2.47837','0','0','-0.945519','0.325567','1','0','0','1','0','1','0'),
	('512185','195068','0','-9327.13','181.863','61.6551','0','0','0','0','1','1','0','0','0.5','0','1','0'),
	('512186','195068','0','-9328.37','170.188','61.6268','0','0','0','0','1','1','0','0','0.5','0','1','0'),
	('512187','180338','0','-9332.57','186.658','62.7728','0','0','0','0','1','1','0','0','1','0','1','0'),
	('512188','195069','0','-9330.98','181.918','62.7222','2.54818','0','0','0.956305','0.292372','1','0','0','0.5','0','1','0'),
	('512189','180338','0','-9324.97','169.38','62.7303','0','0','0','0','1','1','0','0','1','0','1','0'),
	('512190','180338','0','-9319.66','175.25','61.6348','0','0','0','0','1','1','0','0','1','0','1','0'),
	('512191','180338','0','-9326.66','182.427','63.4976','0','0','0','0','1','1','0','0','1','0','1','0'),
	('512192','195090','0','-9332.39','174.95','63.1279','-2.25147','0','0','-0.902584','0.430513','1','0','0','1','0','1','0'),
	('512193','195066','0','-9328.34','170.201','61.6675','0','0','0','0','1','1','0','0','0.25','0','1','0'),
	('512194','195063','0','-9331.52','182.493','61.6','0','0','0','0','1','1','0','0','1','0','1','0'),
	('512195','180338','0','-9331.01','185.635','62.765','0','0','0','0','1','1','0','0','1','0','1','0'),
	('512196','180885','0','-9331.44','181.991','61.63','0.750491','0','0','0.366501','0.930418','1','0','0','1','0','1','0'),
	('512197','195307','0','-9328.34','171.941','62.8343','3.00195','0','0','0.997563','0.0697646','1','0','0','1','0','1','0'),
	('512198','182807','0','-9326.85','170.807','62.8254','0','0','0','0','1','1','0','0','1','0','1','0'),
	('512199','195069','0','-9331.48','181.45','62.7343','-0.890117','0','0','-0.430511','0.902586','1','0','0','0.5','0','1','0'),
	('512200','195069','0','-9332.01','182.043','62.6892','-0.157079','0','0','-0.0784588','0.996917','1','0','0','0.5','0','1','0'),
	('512201','180339','0','-9323.38','179.594','64.6422','0','0','0','0','1','1','0','0','1','0','1','0'),
	('512202','195063','0','-9330.93','172.332','61.6442','0','0','0','0','1','1','0','0','1','0','1','0'),
	('512203','180338','0','-9321.59','176.786','61.6463','0','0','0','0','1','1','0','0','1','0','1','0'),
	('512204','195087','0','-9329.93','180.278','61.6877','2.54818','0','0','0.956305','0.292372','1','0','0','1','0','1','0'),
	('512205','195066','0','-9327.13','181.875','61.6549','0','0','0','0','1','1','0','0','0.25','0','1','0'),
	('512206','195063','0','-9323.89','179.863','64.6421','0','0','0','0','1','1','0','0','1','0','1','0'),
	('512207','180339','0','-9318.52','175.182','61.6199','0','0','0','0','1','1','0','0','1','0','1','0'),
	('512208','180885','0','-5149.52','-854.931','508.432','0.750491','0','0','0.366501','0.930418','1','0','0','1','0','1','0'),
	('512209','195069','0','-5149.05','-855.003','509.504','2.54818','0','0','0.956305','0.292372','1','0','0','0.5','0','1','0'),
	('512210','180340','0','-5146.81','-846.806','509.676','0','0','0','0','1','1','0','0','1','0','1','0'),
	('512211','180338','0','-5149.16','-854.564','509.253','0','0','0','0','1','1','0','0','1','0','1','0'),
	('512212','195063','0','-5149.59','-854.429','509.499','0','0','0','0','1','1','0','0','1','0','1','0'),
	('512213','180339','0','-5148.75','-848.977','510.06','0','0','0','0','1','1','0','0','1','0','1','0'),
	('512214','195069','0','-5149.55','-855.472','509.469','-0.890117','0','0','-0.430511','0.902586','1','0','0','0.5','0','1','0'),
	('512215','195087','0','-5147.77','-856.991','508.492','2.54818','0','0','0.956305','0.292372','1','0','0','1','0','1','0'),
	('512216','180340','0','-5151.33','-850.95','510.082','0','0','0','0','1','1','0','0','1','0','1','0'),
	('512217','195069','0','-5150.07','-854.878','509.496','-0.157079','0','0','-0.0784588','0.996917','1','0','0','0.5','0','1','0'),
	('512218','180338','0','-5153.63','-869.439','508.006','0','0','0','0','1','1','0','0','1','0','1','0'),
	('512219','180340','0','-5154.09','-851.665','509.512','0','0','0','0','1','1','0','0','1','0','1','0'),
	('512220','180338','0','-5159.74','-863.797','507.24','0','0','0','0','1','1','0','0','1','0','1','0'),
	('512221','180338','0','-5156.07','-865.384','507.627','0','0','0','0','1','1','0','0','1','0','1','0'),
	('512222','182807','0','-5160.73','-871.283','507.27','0','0','0','0','1','1','0','0','1','0','1','0'),
	('512223','195063','0','-5162.1','-870.601','507.185','0','0','0','0','1','1','0','0','1','0','1','0'),
	('512224','180338','0','-5167.39','-872.684','506.959','0','0','0','0','1','1','0','0','1','0','1','0'),
	('512225','195090','0','-5163.1','-880.054','507.278','1.36136','0','0','0.629322','0.777145','1','0','0','1','0','1','0'),
	('512226','195068','0','-5159.92','-870.566','507.307','0','0','0','0','1','1','0','0','0.5','0','1','0'),
	('512227','182807','0','-5161.27','-870.734','507.233','0','0','0','0','1','1','0','0','1','0','1','0'),
	('512228','180338','0','-5164.05','-865.04','507.102','0','0','0','0','1','1','0','0','1','0','1','0'),
	('512229','180756','0','-5166.15','-883.521','508.025','1.25664','0','0','0.587786','0.809016','1','0','0','1','0','1','0'),
	('512230','180338','0','-5155.46','-873.769','507.889','0','0','0','0','1','1','0','0','1','0','1','0'),
	('512231','195090','0','-5160.62','-870.092','507.264','0.977383','0','0','0.469471','0.882948','1','0','0','1','0','1','0'),
	('512232','195307','0','-5160.8','-869.684','507.251','-2.30383','0','0','-0.913544','0.406739','1','0','0','1','0','1','0'),
	('512233','195066','0','-5159.99','-869.016','507.291','0','0','0','0','1','1','0','0','0.25','0','1','0'),
	('512234','195063','0','-5149.86','-882.234','508.225','0','0','0','0','1','1','0','0','1','0','1','0'),
	('512235','195068','0','-5160.02','-869.03','507.29','0','0','0','0','1','1','0','0','0.5','0','1','0'),
	('512236','180338','0','-5165.08','-876.196','507.228','0','0','0','0','1','1','0','0','1','0','1','0'),
	('512237','195307','0','-5159.66','-869.708','507.315','3.00195','0','0','0.997563','0.0697646','1','0','0','1','0','1','0'),
	('512238','195063','0','-5161.04','-868.969','507.233','0','0','0','0','1','1','0','0','1','0','1','0'),
	('512239','180338','0','-5167.52','-868.363','506.598','0','0','0','0','1','1','0','0','1','0','1','0'),
	('512240','180338','0','-5172.02','-874.804','508.395','0','0','0','0','1','1','0','0','1','0','1','0'),
	('512241','180340','0','-5160.54','-885.448','508.263','0','0','0','0','1','1','0','0','1','0','1','0'),
	('512242','195063','0','-5160.05','-871.753','507.315','0','0','0','0','1','1','0','0','1','0','1','0'),
	('512243','195067','0','-5161.69','-869.67','507.202','0','0','0','0','1','1','0','0','0.5','0','1','0'),
	('512244','180339','0','-5166.3','-884.38','508.298','0','0','0','0','1','1','0','0','1','0','1','0'),
	('512245','195066','0','-5159.91','-870.554','507.307','0','0','0','0','1','1','0','0','0.25','0','1','0'),
	('512246','180338','0','-5160.17','-876.76','507.325','0','0','0','0','1','1','0','0','1','0','1','0'),
	('512247','195063','0','-5158.94','-869.955','507.357','0','0','0','0','1','1','0','0','1','0','1','0'),
	('512248','180338','0','-5170.34','-880.161','508.657','0','0','0','0','1','1','0','0','1','0','1','0'),
	('512249','180755','0','-5162.04','-884.55','507.917','1.41372','0','0','0.649449','0.760405','1','0','0','1','0','1','0'),
	('512250','195069','1','10049.8','2118.11','1331.01','-0.157079','0','0','-0.0784588','0.996917','1','0','0','0.5','0','1','0'),
	('512251','195063','1','10055','2111.28','1329.65','0','0','0','0','1','1','0','0','1','0','1','0'),
	('512252','180338','1','10060.6','2122.88','1329.66','0','0','0','0','1','1','0','0','1','0','1','0'),
	('512253','195090','1','10049.6','2113.66','1329.7','-3.01941','0','0','-0.998134','0.0610534','1','0','0','1','0','1','0'),
	('512254','195307','1','10062.8','2129.42','1329.66','-2.30383','0','0','-0.913544','0.406739','1','0','0','1','0','1','0'),
	('512255','180338','1','10063.8','2128.64','1331.27','-3.10665','0','0','-0.999847','0.0174704','1','0','0','1','0','1','0'),
	('512256','195067','1','10059.8','2122.52','1329.67','0','0','0','0','1','1','0','0','0.5','0','1','0'),
	('512257','182807','1','10053.7','2125.31','1329.69','0','0','0','0','1','1','0','0','1','0','1','0'),
	('512258','180338','1','10047.3','2107.86','1331.51','0','0','0','0','1','1','0','0','1','0','1','0'),
	('512259','182807','1','10054.8','2132.24','1329.66','0','0','0','0','1','1','0','0','1','0','1','0'),
	('512260','195067','1','10047.4','2110.17','1329.65','0','0','0','0','1','1','0','0','0.5','0','1','0'),
	('512261','182807','1','10065.5','2118.46','1329.66','0','0','0','0','1','1','0','0','1','0','1','0'),
	('512262','195069','1','10050.9','2117.89','1331.03','1.72787','0','0','0.760404','0.64945','1','0','0','0.5','0','1','0'),
	('512263','180338','1','10050.2','2112.63','1331.07','0','0','0','0','1','1','0','0','1','0','1','0'),
	('512264','180338','1','10065.8','2118.13','1329.66','0','0','0','0','1','1','0','0','1','0','1','0'),
	('512265','195307','1','10054.6','2131.96','1329.66','-2.75761','0','0','-0.981626','0.190814','1','0','0','1','0','1','0'),
	('512266','180338','1','10054.9','2131.43','1329.66','0','0','0','0','1','1','0','0','1','0','1','0'),
	('512267','180338','1','10064.2','2114.28','1329.66','0','0','0','0','1','1','0','0','1','0','1','0'),
	('512268','195307','1','10053.8','2127.78','1329.67','-2.30383','0','0','-0.913544','0.406739','1','0','0','1','0','1','0'),
	('512269','180338','1','10046.2','2105.72','1330.71','0','0','0','0','1','1','0','0','1','0','1','0'),
	('512270','195066','1','10065.1','2118.72','1329.66','0','0','0','0','1','1','0','0','0.25','0','1','0'),
	('512271','195066','1','10053.5','2128.55','1329.66','0','0','0','0','1','1','0','0','0.25','0','1','0'),
	('512272','180885','1','10050.3','2118.06','1329.94','0.750491','0','0','0.366501','0.930418','1','0','0','1','0','1','0'),
	('512273','195068','1','10053.4','2128.55','1329.66','0','0','0','0','1','1','0','0','0.5','0','1','0'),
	('512274','195067','1','10054.1','2124.82','1329.7','0','0','0','0','1','1','0','0','0.5','0','1','0'),
	('512275','195087','1','10051.3','2122.43','1329.93','2.54818','0','0','0.956305','0.292372','1','0','0','1','0','1','0'),
	('512276','182807','1','10062.7','2129.98','1329.66','0','0','0','0','1','1','0','0','1','0','1','0'),
	('512277','195090','1','10063.3','2129.74','1329.66','-3.01941','0','0','-0.998134','0.0610534','1','0','0','1','0','1','0'),
	('512278','180338','1','10053.4','2124.88','1329.7','0','0','0','0','1','1','0','0','1','0','1','0'),
	('512279','195063','1','10063.6','2112.16','1329.66','0','0','0','0','1','1','0','0','1','0','1','0'),
	('512280','195063','1','10050.3','2118.57','1331.05','0','0','0','0','1','1','0','0','1','0','1','0'),
	('512281','195068','1','10065','2118.72','1329.66','0','0','0','0','1','1','0','0','0.5','0','1','0'),
	('512282','195063','1','10046.7','2110.08','1329.65','0','0','0','0','1','1','0','0','1','0','1','0'),
	('512283','195068','1','10053.6','2109.59','1329.65','0','0','0','0','1','1','0','0','0.5','0','1','0'),
	('512284','180338','1','10053.3','2105.35','1330.89','0','0','0','0','1','1','0','0','1','0','1','0'),
	('512285','180338','1','10047.2','2109.44','1329.65','0','0','0','0','1','1','0','0','1','0','1','0'),
	('512286','180758','1','10055.2','2131.85','1330.38','2.84488','0','0','0.989015','0.147813','1','0','0','1','0','1','0'),
	('512287','195069','1','10050.3','2117.48','1330.99','-0.890117','0','0','-0.430511','0.902586','1','0','0','0.5','0','1','0'),
	('512288','180338','1','10061.4','2124','1331.74','0','0','0','0','1','1','0','0','1','0','1','0'),
	('512289','180338','1','10064','2112.66','1329.66','0','0','0','0','1','1','0','0','1','0','1','0'),
	('512290','195307','1','10049.7','2113.11','1329.68','-2.79252','0','0','-0.984807','0.173652','1','0','0','1','0','1','0'),
	('512291','180338','1','10055.2','2132.32','1329.66','0','0','0','0','1','1','0','0','1','0','1','0'),
	('512292','180339','1','10054.4','2109.63','1329.65','0','0','0','0','1','1','0','0','1','0','1','0'),
	('512293','195063','1','10066.4','2120.48','1329.66','0','0','0','0','1','1','0','0','1','0','1','0'),
	('512294','180338','1','10049.8','2111.91','1330.87','0','0','0','0','1','1','0','0','1','0','1','0'),
	('512295','180338','1','10065.6','2116.72','1329.66','-3.10665','0','0','-0.999847','0.0174704','1','0','0','1','0','1','0'),
	('512296','180338','1','10054.8','2127.25','1330.37','0','0','0','0','1','1','0','0','1','0','1','0'),
	('512297','195090','1','10066.7','2120.21','1329.66','-3.01941','0','0','-0.998134','0.0610534','1','0','0','1','0','1','0'),
	('512298','195307','1','10054.2','2129.03','1329.66','-2.30383','0','0','-0.913544','0.406739','1','0','0','1','0','1','0'),
	('512299','195090','1','10061','2124.77','1329.66','-3.01941','0','0','-0.998134','0.0610534','1','0','0','1','0','1','0'),
	('512300','180338','1','10066.9','2122.26','1329.66','-3.10665','0','0','-0.999847','0.0174704','1','0','0','1','0','1','0'),
	('512301','195066','1','10053.6','2109.59','1329.65','0','0','0','0','1','1','0','0','0.25','0','1','0'),
	('512302','180338','1','10054.7','2126.61','1330.22','0','0','0','0','1','1','0','0','1','0','1','0'),
	('512303','182807','1','10063.4','2111.85','1329.66','0','0','0','0','1','1','0','0','1','0','1','0'),
	('512304','180340','1','10058.3','2134.98','1330.78','0.855211','0','0','0.414693','0.909961','1','0','0','1','0','1','0'),
	('512305','195087','0','1803.69','217.238','60.5897','2.54818','0','0','0.956305','0.292372','1','0','0','1','0','1','0'),
	('512306','195090','0','1804.74','215.422','65.8722','1.50098','0','0','0.681997','0.731355','1','0','0','1','0','1','0'),
	('512307','195090','0','1777.44','219.497','59.608','0.157079','0','0','0.0784588','0.996917','1','0','0','1','0','1','0'),
	('512308','182807','0','1780.76','215.611','59.7988','0','0','0','0','1','1','0','0','1','0','1','0'),
	('512309','182807','0','1780.18','214.781','59.8534','0','0','0','0','1','1','0','0','1','0','1','0'),
	('512310','180760','0','1777.12','219.349','60.5295','0.139624','0','0','0.0697553','0.997564','1','0','0','1','0','1','0'),
	('512311','180338','0','1803.12','221.472','60.2792','0','0','0','0','1','1','0','0','1','0','1','0'),
	('512312','180338','0','1815.02','247.981','60.5867','0','0','0','0','1','1','0','0','1','0','1','0'),
	('512313','180338','0','1805.21','230.929','61.5431','0','0','0','0','1','1','0','0','1','0','1','0'),
	('512314','180338','0','1818.6','241.84','60.5149','0','0','0','0','1','1','0','0','1','0','1','0'),
	('512315','180338','0','1809.03','251.627','60.5887','0','0','0','0','1','1','0','0','1','0','1','0'),
	('512316','180338','0','1776.61','222.578','59.5062','0','0','0','0','1','1','0','0','1','0','1','0'),
	('512317','180338','0','1802.85','224.493','60.3553','0','0','0','0','1','1','0','0','1','0','1','0'),
	('512318','180338','0','1767.43','242.922','60.8644','0','0','0','0','1','1','0','0','1','0','1','0'),
	('512319','180338','0','1822.65','242.014','60.7415','0','0','0','0','1','1','0','0','1','0','1','0'),
	('512320','180338','0','1816.13','243.663','60.5835','0','0','0','0','1','1','0','0','1','0','1','0'),
	('512321','180338','0','1794.56','243.075','60.5867','0','0','0','0','1','1','0','0','1','0','1','0'),
	('512322','180338','0','1839.07','241.924','60.5849','0','0','0','0','1','1','0','0','1','0','1','0'),
	('512323','180338','0','1839.09','234.689','60.5893','0','0','0','0','1','1','0','0','1','0','1','0'),
	('512324','180338','0','1828.35','235.036','60.7316','0','0','0','0','1','1','0','0','1','0','1','0'),
	('512325','180338','0','1780.39','229.799','59.8197','0','0','0','0','1','1','0','0','1','0','1','0'),
	('512326','180338','0','1791.1','235.264','60.5787','0','0','0','0','1','1','0','0','1','0','1','0'),
	('512327','180338','0','1800.89','227.724','60.5867','0','0','0','0','1','1','0','0','1','0','1','0'),
	('512328','180338','0','1800.89','249.349','60.5867','0','0','0','0','1','1','0','0','1','0','1','0'),
	('512329','180338','0','1772.94','234.911','60.7636','0','0','0','0','1','1','0','0','1','0','1','0'),
	('512330','180338','0','1803.6','255.806','60.703','0','0','0','0','1','1','0','0','1','0','1','0'),
	('512331','180338','0','1776.59','250.25','59.941','0','0','0','0','1','1','0','0','1','0','1','0'),
	('512332','180338','0','1778.51','257.793','59.5106','0','0','0','0','1','1','0','0','1','0','1','0'),
	('512333','180338','0','1808.23','220.74','60.2582','0','0','0','0','1','1','0','0','1','0','1','0'),
	('512334','180338','0','1834.05','240.865','60.2706','0','0','0','0','1','1','0','0','1','0','1','0'),
	('512335','180338','0','1812.35','235.939','61.5431','0','0','0','0','1','1','0','0','1','0','1','0'),
	('512336','180338','0','1816.18','233.512','60.5867','0','0','0','0','1','1','0','0','1','0','1','0'),
	('512337','180338','0','1805.5','245.932','61.5431','0','0','0','0','1','1','0','0','1','0','1','0'),
	('512338','180338','0','1802.96','251.953','60.5912','0','0','0','0','1','1','0','0','1','0','1','0'),
	('512339','180338','0','1778.81','260.863','59.5299','0','0','0','0','1','1','0','0','1','0','1','0'),
	('512340','180338','0','1803.3','258.37','60.8627','0','0','0','0','1','1','0','0','1','0','1','0'),
	('512341','180338','0','1812.43','240.714','61.5431','0','0','0','0','1','1','0','0','1','0','1','0'),
	('512342','180338','0','1800.77','232.358','61.5431','0','0','0','0','1','1','0','0','1','0','1','0'),
	('512343','180338','0','1828.24','240.667','60.7402','0','0','0','0','1','1','0','0','1','0','1','0'),
	('512344','180338','0','1795.7','228.913','60.5867','0','0','0','0','1','1','0','0','1','0','1','0'),
	('512345','180338','0','1819.06','235.438','60.4058','0','0','0','0','1','1','0','0','1','0','1','0'),
	('512346','180338','0','1798.23','240.957','61.5431','0','0','0','0','1','1','0','0','1','0','1','0'),
	('512347','180338','0','1795.68','248.316','60.5867','0','0','0','0','1','1','0','0','1','0','1','0'),
	('512348','180338','0','1808.59','255.661','60.7083','0','0','0','0','1','1','0','0','1','0','1','0'),
	('512349','180338','0','1810.74','249.38','60.5867','0','0','0','0','1','1','0','0','1','0','1','0'),
	('512350','180338','0','1777.62','253.684','59.637','0','0','0','0','1','1','0','0','1','0','1','0'),
	('512351','180338','0','1798.29','236.111','61.5431','0','0','0','0','1','1','0','0','1','0','1','0'),
	('512352','180338','0','1779.65','236.351','60.4186','0','0','0','0','1','1','0','0','1','0','1','0'),
	('512353','180338','0','1790.87','241.248','60.5767','0','0','0','0','1','1','0','0','1','0','1','0'),
	('512354','180338','0','1834.16','235.722','60.2804','0','0','0','0','1','1','0','0','1','0','1','0'),
	('512355','180338','0','1823.49','236.097','60.7414','0','0','0','0','1','1','0','0','1','0','1','0'),
	('512356','180338','0','1809.69','244.469','61.5431','0','0','0','0','1','1','0','0','1','0','1','0'),
	('512357','180338','0','1785.8','234.814','60.4071','0','0','0','0','1','1','0','0','1','0','1','0'),
	('512358','180338','0','1814.47','228.561','60.5867','0','0','0','0','1','1','0','0','1','0','1','0'),
	('512359','180338','0','1780.27','242.688','60.4102','0','0','0','0','1','1','0','0','1','0','1','0'),
	('512360','180338','0','1775.64','229.292','60.0434','0','0','0','0','1','1','0','0','1','0','1','0'),
	('512361','180338','0','1801.09','244.604','61.5431','0','0','0','0','1','1','0','0','1','0','1','0'),
	('512362','180338','0','1810.63','227.608','60.5867','0','0','0','0','1','1','0','0','1','0','1','0'),
	('512363','180338','0','1809.67','232.266','61.5431','0','0','0','0','1','1','0','0','1','0','1','0'),
	('512364','180338','0','1794.35','233.278','60.5867','0','0','0','0','1','1','0','0','1','0','1','0'),
	('512365','180338','0','1808.31','258.497','60.8835','0','0','0','0','1','1','0','0','1','0','1','0'),
	('512366','180339','0','1785.02','241.592','60.4074','0','0','0','0','1','1','0','0','1','0','1','0'),
	('512367','180339','0','1767.82','235.582','60.8555','0','0','0','0','1','1','0','0','1','0','1','0'),
	('512368','180339','0','1808.55','225.073','60.3649','0','0','0','0','1','1','0','0','1','0','1','0'),
	('512369','180339','0','1802','243.193','62.7536','0','0','0','0','1','1','0','0','1','0','1','0'),
	('512370','180339','0','1772.79','242.451','60.7668','0','0','0','0','1','1','0','0','1','0','1','0'),
	('512371','180340','0','1805.39','232.273','62.6734','0','0','0','0','1','1','0','0','1','0','1','0'),
	('512372','180340','0','1799.74','236.67','62.7536','0','0','0','0','1','1','0','0','1','0','1','0'),
	('512373','180340','0','1808.88','242.938','62.7536','0','0','0','0','1','1','0','0','1','0','1','0'),
	('512374','180340','0','1810.58','236.547','62.7536','0','0','0','0','1','1','0','0','1','0','1','0'),
	('512375','180885','0','1805.89','217.134','60.6002','1.51844','0','0','0.688356','0.725373','1','0','0','1','0','1','0'),
	('512376','195307','0','1792.51','241.774','60.5867','-2.30383','0','0','-0.913544','0.406739','1','0','0','1','0','1','0'),
	('512377','195307','0','1780.5','269.08','59.8237','3.00195','0','0','0.997563','0.0697646','1','0','0','1','0','1','0'),
	('512378','195063','0','1779.51','268.924','59.893','0','0','0','0','1','1','0','0','1','0','1','0'),
	('512379','195063','0','1781.6','252.318','59.5262','0','0','0','0','1','1','0','0','1','0','1','0'),
	('512380','195063','0','1776.35','223.174','59.5078','0','0','0','0','1','1','0','0','1','0','1','0'),
	('512381','195063','0','1782.6','260.549','59.42','0','0','0','0','1','1','0','0','1','0','1','0'),
	('512382','195063','0','1776.75','250.743','59.8824','0','0','0','0','1','1','0','0','1','0','1','0'),
	('512383','195066','0','1777.32','220.55','59.5767','0','0','0','0','1','1','0','0','0.25','0','1','0'),
	('512384','195066','0','1780.16','269.773','59.8725','0','0','0','0','1','1','0','0','0.25','0','1','0'),
	('512385','195067','0','1778.85','260.073','59.498','0','0','0','0','1','1','0','0','0.5','0','1','0'),
	('512386','195068','0','1777.31','220.538','59.5768','0','0','0','0','1','1','0','0','0.5','0','1','0'),
	('512387','195068','0','1780.14','269.759','59.8725','0','0','0','0','1','1','0','0','0.5','0','1','0'),
	('512388','195069','0','1805.33','217.408','61.5327','-0.157079','0','0','-0.0784588','0.996917','1','0','0','0.5','0','1','0'),
	('512389','195069','0','1805.86','216.814','61.5886','-0.890117','0','0','-0.430511','0.902586','1','0','0','0.5','0','1','0'),
	('512390','195069','0','1806.35','217.283','61.5437','2.54818','0','0','0.956305','0.292372','1','0','0','0.5','0','1','0'),
	('512391','180338','1','1185.08','-4470.12','21.3256','0','0','0','0','1','1','0','0','1','0','1','0'),
	('512392','195063','1','1185.15','-4469.57','21.3318','0','0','0','0','1','1','0','0','1','0','1','0'),
	('512393','195063','1','1176.06','-4456.3','21.5271','0','0','0','0','1','1','0','0','1','0','1','0'),
	('512394','195063','1','1191.1','-4465.38','21.489','0','0','0','0','1','1','0','0','1','0','1','0'),
	('512395','195066','1','1186.07','-4471.14','21.3708','0','0','0','0','1','1','0','0','0.25','0','1','0'),
	('512396','180338','1','1183.56','-4461.29','21.893','0','0','0','0','1','1','0','0','1','0','1','0'),
	('512397','182807','1','1184.02','-4469.83','21.2852','0','0','0','0','1','1','0','0','1','0','1','0'),
	('512398','195066','1','1180.13','-4457.47','21.4891','0','0','0','0','1','1','0','0','0.25','0','1','0'),
	('512399','180338','1','1184.27','-4471.88','24.5464','0','0','0','0','1','1','0','0','1','0','1','0'),
	('512400','180338','1','1183.73','-4471.45','24.0198','0','0','0','0','1','1','0','0','1','0','1','0'),
	('512401','195087','1','1181.97','-4466.11','21.3266','2.54818','0','0','0.956305','0.292372','1','0','0','1','0','1','0'),
	('512402','180339','1','1179.88','-4458.03','21.4774','0','0','0','0','1','1','0','0','1','0','1','0'),
	('512403','180340','1','1189.6','-4465.71','24.7812','0','0','0','0','1','1','0','0','1','0','1','0'),
	('512404','180338','1','1185.38','-4462.06','21.3102','0','0','0','0','1','1','0','0','1','0','1','0'),
	('512405','180338','1','1179.45','-4458.42','24.0196','0','0','0','0','1','1','0','0','1','0','1','0'),
	('512406','180338','1','1184.56','-4461.65','23.8004','0','0','0','0','1','1','0','0','1','0','1','0'),
	('512407','180338','1','1180.52','-4458.66','21.2902','0','0','0','0','1','1','0','0','1','0','1','0'),
	('512408','180338','1','1191.01','-4464.75','21.4635','0','0','0','0','1','1','0','0','1','0','1','0'),
	('512409','180338','1','1185.03','-4472.32','23.9471','0','0','0','0','1','1','0','0','1','0','1','0'),
	('512410','195067','1','1175.47','-4455.32','21.5219','0','0','0','0','1','1','0','0','0.5','0','1','0'),
	('512411','195068','1','1180.13','-4457.48','21.4889','0','0','0','0','1','1','0','0','0.5','0','1','0'),
	('512412','180339','1','1190.39','-4464.89','21.4319','0','0','0','0','1','1','0','0','1','0','1','0'),
	('512413','180338','1','1179.15','-4457.56','21.5073','0','0','0','0','1','1','0','0','1','0','1','0'),
	('512414','180338','1','1190.08','-4465.68','24.3478','0','0','0','0','1','1','0','0','1','0','1','0'),
	('512415','180759','1','1184.21','-4470.56','21.9851','1.67551','0','0','0.743143','0.669133','1','0','0','1','0','1','0'),
	('512416','195068','1','1186.07','-4471.15','21.3707','0','0','0','0','1','1','0','0','0.5','0','1','0'),
	('512417','180338','1','1176.33','-4456.46','21.5274','0','0','0','0','1','1','0','0','1','0','1','0'),
	('512418','195067','1','1185.36','-4460.86','21.102','0','0','0','0','1','1','0','0','0.5','0','1','0'),
	('512419','195090','1','1184.34','-4469.79','21.2957','-3.01941','0','0','-0.998134','0.0610534','1','0','0','1','0','1','0'),
	('512420','180338','1','1189.03','-4464.56','21.3488','0','0','0','0','1','1','0','0','1','0','1','0'),
	('512421','180340','1','1183.41','-4470.31','21.2575','0','0','0','0','1','1','0','0','1','0','1','0'),
	('512422','180340','1','1176.06','-4470.36','24.257','0.855211','0','0','0.414693','0.909961','1','0','0','1','0','1','0'),
	('512423','180885','1','1176.85','-4464.09','21.3468','0.750491','0','0','0.366501','0.930418','1','0','0','1','0','1','0'),
	('512424','195069','1','1176.29','-4464.04','22.4501','-0.157079','0','0','-0.0784588','0.996917','1','0','0','0.5','0','1','0'),
	('512425','180340','1','1177.35','-4467.6','21.3062','0','0','0','0','1','1','0','0','1','0','1','0'),
	('512426','195066','1','1172.31','-4463.23','21.2882','0','0','0','0','1','1','0','0','0.25','0','1','0'),
	('512427','180762','1','1176.91','-4470.26','22.6004','-1.98967','0','0','-0.838669','0.544641','1','0','0','1','0','1','0'),
	('512428','195307','1','1171.94','-4462.66','21.3171','3.00195','0','0','0.997563','0.0697646','1','0','0','1','0','1','0'),
	('512429','195090','1','1171.81','-4463.7','21.2631','-2.47837','0','0','-0.945519','0.325567','1','0','0','1','0','1','0'),
	('512430','180338','1','1171.1','-4464.17','23.8032','0','0','0','0','1','1','0','0','1','0','1','0'),
	('512431','195063','1','1176.77','-4463.59','22.4735','0','0','0','0','1','1','0','0','1','0','1','0'),
	('512432','195063','1','1177.63','-4467.96','21.307','0','0','0','0','1','1','0','0','1','0','1','0'),
	('512433','180338','1','1174.95','-4456.12','23.4837','0','0','0','0','1','1','0','0','1','0','1','0'),
	('512434','195063','1','1174.72','-4455.49','21.5368','0','0','0','0','1','1','0','0','1','0','1','0'),
	('512435','180338','1','1172.71','-4464.06','21.2448','0','0','0','0','1','1','0','0','1','0','1','0'),
	('512436','195067','1','1179.27','-4468.45','21.2471','0','0','0','0','1','1','0','0','0.5','0','1','0'),
	('512437','180338','1','1171.44','-4464.41','24.9673','0','0','0','0','1','1','0','0','1','0','1','0'),
	('512438','182807','1','1174.36','-4455.34','21.5514','0','0','0','0','1','1','0','0','1','0','1','0'),
	('512439','180338','1','1176.66','-4470.48','24.5054','0','0','0','0','1','1','0','0','1','0','1','0'),
	('512440','195069','1','1177.32','-4464.16','22.4611','2.54818','0','0','0.956305','0.292372','1','0','0','0.5','0','1','0'),
	('512441','180338','1','1178.35','-4468.15','21.2857','0','0','0','0','1','1','0','0','1','0','1','0'),
	('512442','180338','1','1171.08','-4462.83','21.3051','0','0','0','0','1','1','0','0','1','0','1','0'),
	('512443','195069','1','1176.82','-4464.63','22.4507','-0.890117','0','0','-0.430511','0.902586','1','0','0','0.5','0','1','0'),
	('512444','195068','1','1172.28','-4463.25','21.2866','0','0','0','0','1','1','0','0','0.5','0','1','0'),
	('512445','180338','1','1177.44','-4471.06','25.0842','0','0','0','0','1','1','0','0','1','0','1','0'),
	('512446','195307','1','1177.22','-4464.5','22.4542','-2.30383','0','0','-0.913544','0.406739','1','0','0','1','0','1','0'),
	('512447','195066','1','-984.632','-76.1215','20.8542','0','0','0','0','1','1','0','0','0.25','0','1','0'),
	('512448','180340','1','-984.318','-73.4566','20.8533','0.855211','0','0','0.414693','0.909961','1','0','0','1','0','1','0'),
	('512449','180338','1','-981.941','-69.0938','20.5478','0','0','0','0','1','1','0','0','1','0','1','0'),
	('512450','195063','1','-980.41','-71.3438','20.7185','0','0','0','0','1','1','0','0','1','0','1','0'),
	('512451','195069','1','-979.866','-71.9184','20.7017','2.54818','0','0','0.956305','0.292372','1','0','0','0.5','0','1','0'),
	('512452','180338','1','-984.918','-73.059','23.8784','0','0','0','0','1','1','0','0','1','0','1','0'),
	('512453','195067','1','-983.566','-73.3247','20.6424','0','0','0','0','1','1','0','0','0.5','0','1','0'),
	('512454','180338','1','-985.083','-75.8125','20.9892','0','0','0','0','1','1','0','0','1','0','1','0'),
	('512455','180338','1','-982.865','-68.8611','23.7946','0','0','0','0','1','1','0','0','1','0','1','0'),
	('512456','180338','1','-985.474','-75.0295','21.1066','0','0','0','0','1','1','0','0','1','0','1','0'),
	('512457','195068','1','-983.009','-70.0955','20.7835','0','0','0','0','1','1','0','0','0.5','0','1','0'),
	('512458','195067','1','-980.892','-79.2656','20.1022','0','0','0','0','1','1','0','0','0.5','0','1','0'),
	('512459','195063','1','-983.493','-72.6302','20.6698','0','0','0','0','1','1','0','0','1','0','1','0'),
	('512460','195066','1','-983.002','-70.0833','20.7837','0','0','0','0','1','1','0','0','0.25','0','1','0'),
	('512461','195307','1','-984.535','-75.8281','20.8642','3.00195','0','0','0.997563','0.0697646','1','0','0','1','0','1','0'),
	('512462','195066','1','-984.913','-75.1597','20.9375','0','0','0','0','1','1','0','0','0.25','0','1','0'),
	('512463','182807','1','-984.738','-73.1875','20.9946','0','0','0','0','1','1','0','0','1','0','1','0'),
	('512464','195069','1','-980.894','-71.7934','20.7099','-0.157079','0','0','-0.0784588','0.996917','1','0','0','0.5','0','1','0'),
	('512465','180338','1','-985.278','-76.1753','24.2988','0','0','0','0','1','1','0','0','1','0','1','0'),
	('512466','180338','1','-983.618','-70.3507','20.85','0','0','0','0','1','1','0','0','1','0','1','0'),
	('512467','180885','1','-980.33','-71.8455','19.5878','0.750491','0','0','0.366501','0.930418','1','0','0','1','0','1','0'),
	('512468','195068','1','-984.639','-76.1319','20.8549','0','0','0','0','1','1','0','0','0.5','0','1','0'),
	('512469','195090','1','-985.321','-76.3576','21.0619','-3.01941','0','0','-0.998134','0.0610534','1','0','0','1','0','1','0'),
	('512470','195063','1','-982.13','-68.0764','20.8836','0','0','0','0','1','1','0','0','1','0','1','0'),
	('512471','180338','1','-984.986','-77.3264','24.2664','0','0','0','0','1','1','0','0','1','0','1','0'),
	('512472','195069','1','-980.365','-72.3872','20.7085','-0.890117','0','0','-0.430511','0.902586','1','0','0','0.5','0','1','0'),
	('512473','195068','1','-984.92','-75.1719','20.9388','0','0','0','0','1','1','0','0','0.5','0','1','0'),
	('512474','180338','1','-984.938','-72.0868','23.8949','0','0','0','0','1','1','0','0','1','0','1','0'),
	('512475','195307','1','-979.977','-71.342','20.7172','-2.30383','0','0','-0.913544','0.406739','1','0','0','1','0','1','0'),
	('512476','180338','1','-983.396','-69.592','23.8066','0','0','0','0','1','1','0','0','1','0','1','0'),
	('512477','195090','1','-981.625','-66.9792','20.9735','-2.47837','0','0','-0.945519','0.325567','1','0','0','1','0','1','0'),
	('512478','195066','1','-984.309','-72.3299','20.9918','0','0','0','0','1','1','0','0','0.25','0','1','0'),
	('512479','180761','1','-981.087','-79.5799','21.1868','0.942477','0','0','0.45399','0.891007','1','0','0','1','0','1','0'),
	('512480','180339','1','-982.231','-68.6267','20.8202','0','0','0','0','1','1','0','0','1','0','1','0'),
	('512481','195063','1','-984.149','-77.3333','20.7527','0','0','0','0','1','1','0','0','1','0','1','0'),
	('512482','180338','1','-982.483','-69.9601','20.5787','0','0','0','0','1','1','0','0','1','0','1','0'),
	('512483','180338','1','-981.5','-79.1146','20.2116','0','0','0','0','1','1','0','0','1','0','1','0'),
	('512484','180338','1','-979.644','-81.0278','22.9663','0','0','0','0','1','1','0','0','1','0','1','0'),
	('512485','180338','1','-980.596','-79.9635','20.112','0','0','0','0','1','1','0','0','1','0','1','0'),
	('512486','195063','1','-980.212','-80.2552','20.0676','0','0','0','0','1','1','0','0','1','0','1','0'),
	('512487','182807','1','-980.771','-79.8229','20.1335','0','0','0','0','1','1','0','0','1','0','1','0'),
	('512488','180338','1','-980.63','-80.0938','22.9844','0','0','0','0','1','1','0','0','1','0','1','0'),
	('512489','195087','1','-979.109','-77.9028','19.6434','2.54818','0','0','0.956305','0.292372','1','0','0','1','0','1','0'),
	('512491','182807','530','9672.12','-7346.44','11.9311','-0.244346','0','0','-0.121869','0.992546','1','0','0','1','0','1','0'),
	('512492','195067','530','-1784.66','4926.07','-21.1388','0.521876','0','0','0.257987','0.966148','1','0','0','0.5','0','1','0'),
	('512493','195087','571','5851.71','759.739','640.824','0.177921','0','0','0.0888432','0.996046','1','0','0','0.5','0','65535','0'),
	('512494','195087','530','9410.84','-6856.04','14.8094','5.30187','0','0','0.471206','-0.882023','1','0','0','0.5','0','1','0'),
	('512495','195087','530','-4320.88','-12435.8','17.794','2.95615','0','0','0.995704','0.0925885','1','0','0','0.5','0','1','0'),
	('512496','195087','530','-1795.3','4913.74','-21.6189','5.79582','0','0','0.241278','-0.970456','1','0','0','0.5','0','1','0'),
	('512497','195067','530','9414.83','-6847.96','15.2124','0.302815','0','0','0.15083','0.98856','1','0','0','0.5','0','1','0'),
	('512498','195067','530','9406.18','-6848.78','15.7346','4.10414','0','0','0.886406','-0.462908','1','0','0','0.5','0','1','0'),
	('512499','195067','530','-4330.57','-12441.9','18.6116','1.10261','0','0','0.523799','0.851842','1','0','0','0.5','0','1','0'),
	('512500','195067','530','-4331.79','-12444.3','18.6116','1.10261','0','0','0.523799','0.851842','1','0','0','0.5','0','1','0'),
	('512501','195067','530','-4320.15','-12431.6','18.6801','3.86328','0','0','0.935599','-0.353064','1','0','0','0.5','0','1','0'),
	('512502','195067','530','-4318.44','-12430.1','18.6801','3.84757','0','0','0.938344','-0.345704','1','0','0','0.5','0','1','0'),
	('512503','195067','530','-4322.19','-12440.2','17.4944','3.02291','0','0','0.99824','0.0593064','1','0','0','0.5','0','1','0'),
	('512504','195067','530','-4323.07','-12450.7','16.8485','5.33983','0','0','0.454381','-0.890807','1','0','0','0.5','0','1','0'),
	('512505','195067','530','-4311.45','-12442.3','17.3037','0.772738','0','0','0.376828','0.926283','1','0','0','0.5','0','1','0'),
	('512506','195067','530','-1791.77','4917.77','-21.025','1.42901','0','0','0.655244','0.755418','1','0','0','0.5','0','1','0'),
	('512507','195067','530','-1789.47','4922.28','-21.0992','1.01275','0','0','0.48501','0.874508','1','0','0','0.5','0','1','0'),
	('512508','195067','530','-1799.03','4911.63','-21.3716','4.9201','0','0','0.629992','-0.776602','1','0','0','0.5','0','1','0'),
	('512509','195067','530','-1811.06','4914.83','-21.8399','3.80091','0','0','0.946153','-0.32372','1','0','0','0.5','0','1','0'),
	('512510','195067','530','-1804.87','4922.87','-21.9285','0.341232','0','0','0.169789','0.98548','1','0','0','0.5','0','1','0'),
	('512511','195067','571','5842.99','757.208','641.032','3.23312','0','0','0.998953','-0.0457477','1','0','0','0.5','0','65535','0'),
	('512512','195067','571','5848.67','757.932','640.765','0.331072','0','0','0.164781','0.98633','1','0','0','0.5','0','65535','0'),
	('512513','195067','571','5826.98','742.899','642.182','0.40961','0','0','0.203376','0.979101','1','0','0','0.5','0','65535','0'),
	('512514','195067','571','5833.05','758.772','640.632','6.22548','0','0','0.0288486','-0.999584','1','0','0','0.5','0','65535','0'),
	('512515','195067','571','5838.49','754.714','640.99','5.00419','0','0','0.596792','-0.802396','1','0','0','0.5','0','65535','0'),
	('512516','195067','530','9408.5','-6861.43','14.8097','5.18014','0','0','0.523985','-0.851728','1','0','0','0.5','0','1','0'),
	('512517','182807','530','9672.12','-7346.44','11.9311','-0.244346','0','0','-0.121869','0.992546','1','0','0','1','0','1','0'),
	('512518','195090','571','5853.87','762.992','641.211','6.18229','0','0','0.0504262','-0.998728','1','0','0','1','0','65535','0'),
	('512519','195090','571','5855.51','765.516','641.483','0.212483','0','0','0.106042','0.994362','1','0','0','1','0','65535','0'),
	('512520','195090','571','5853.92','767.065','641.349','0.656233','0','0','0.322261','0.946651','1','0','0','1','0','65535','0'),
	('512521','195090','571','5851.19','767.209','640.997','0.597328','0','0','0.294244','0.95573','1','0','0','1','0','65535','0'),
	('512522','195090','571','5851.3','769.624','640.886','1.09213','0','0','0.519328','0.854575','1','0','0','1','0','65535','0'),
	('512523','195090','571','5849.36','771.084','640.573','1.31204','0','0','0.609968','0.792426','1','0','0','1','0','65535','0'),
	('512524','195090','571','5843.35','763.212','640.647','3.49938','0','0','0.984041','-0.177941','1','0','0','1','0','65535','0'),
	('512525','195090','571','5832.79','754.608','640.935','4.05308','0','0','0.897934','-0.44013','1','0','0','1','0','65535','0'),
	('512526','195090','571','5828.7','749.25','641.164','4.17874','0','0','0.868527','-0.495642','1','0','0','1','0','65535','0'),
	('512527','195090','571','5835.35','751.259','641.084','0.400976','0','0','0.199148','0.97997','1','0','0','1','0','65535','0'),
	('512528','195090','571','5827.74','742.946','642.332','0.687646','0','0','0.337089','0.941473','1','0','0','1','0','65535','0'),
	('512529','195090','571','5809.37','743.705','640.998','3.12238','0','0','0.999954','0.00960617','1','0','0','1','0','65535','0'),
	('512530','195090','571','5822.29','758.23','640.365','1.61049','0','0','0.721','0.692935','1','0','0','1','0','65535','0'),
	('512531','195090','571','5811.39','757.19','640.324','2.50977','0','0','0.950514','0.310683','1','0','0','1','0','65535','0'),
	('512532','195090','571','5846.75','758.117','640.939','6.14616','0','0','0.068459','-0.997654','1','0','0','1','0','65535','0'),
	('512533','195090','530','9407.83','-6850.31','15.4148','6.05585','0','0','0.113423','-0.993547','1','0','0','1','0','1','0'),
	('512534','195090','530','9412.52','-6848.4','15.3197','0.703365','0','0','0.344478','0.938794','1','0','0','1','0','1','0'),
	('512535','195090','530','9414.82','-6851.42','15.0296','5.58069','0','0','0.34407','-0.938944','1','0','0','1','0','1','0'),
	('512536','195090','530','9410.57','-6853.66','14.9713','3.57007','0','0','0.977139','-0.212604','1','0','0','1','0','1','0'),
	('512537','195090','530','9405.72','-6861.46','14.9588','4.79136','0','0','0.678642','-0.734469','1','0','0','1','0','1','0'),
	('512538','195090','530','9412.52','-6861.73','14.6487','5.88699','0','0','0.196805','-0.980443','1','0','0','1','0','1','0'),
	('512539','195090','530','9416.75','-6856.38','14.8519','5.80845','0','0','0.235145','-0.97196','1','0','0','1','0','1','0'),
	('512540','195090','530','9418.64','-6852.18','14.9737','5.72205','0','0','0.276901','-0.960898','1','0','0','1','0','1','0'),
	('512541','195090','530','-4319.45','-12430.9','18.6806','2.09613','0','0','0.866459','0.499249','1','0','0','1','0','1','0'),
	('512542','195090','530','-4320.99','-12432.3','18.6806','3.9536','0','0','0.918706','-0.394941','1','0','0','1','0','1','0'),
	('512543','195090','530','-4331.11','-12443.6','18.6114','2.34746','0','0','0.922199','0.386715','1','0','0','1','0','1','0'),
	('512544','195090','530','-4325.9','-12451.6','16.6623','0.839496','0','0','0.40753','0.913192','1','0','0','1','0','1','0'),
	('512545','195090','530','-4326.17','-12455.4','16.9729','0.509629','0','0','0.252066','0.96771','1','0','0','1','0','1','0'),
	('512546','195090','530','-4320.52','-12456.9','17.3025','0.721686','0','0','0.353063','0.9356','1','0','0','1','0','1','0'),
	('512547','195090','530','-4321.35','-12454.2','17.2013','0.914109','0','0','0.441307','0.897356','1','0','0','1','0','1','0'),
	('512548','195090','530','-4320.01','-12449.5','17.0817','0.800226','0','0','0.389522','0.921017','1','0','0','1','0','1','0'),
	('512549','195090','530','-4314.66','-12447.8','17.3873','1.00836','0','0','0.48309','0.875571','1','0','0','1','0','1','0'),
	('512550','195090','530','-4311.21','-12446.3','17.4275','1.0869','0','0','0.517092','0.85593','1','0','0','1','0','1','0'),
	('512551','195090','530','-4316.32','-12444.3','17.1922','0.88662','0','0','0.428932','0.903337','1','0','0','1','0','1','0'),
	('512552','195090','530','-4310.89','-12440.6','17.2147','1.05941','0','0','0.505279','0.862956','1','0','0','1','0','1','0'),
	('512553','195090','530','-1801.49','4910.65','-21.3903','5.6034','0','0','0.333386','-0.942791','1','0','0','1','0','1','0'),
	('512554','195090','530','-1796.61','4911.2','-21.382','0.113465','0','0','0.0567021','0.998391','1','0','0','1','0','1','0'),
	('512555','195090','530','-1792.12','4916.53','-21.0244','1.24837','0','0','0.584436','0.81144','1','0','0','1','0','1','0'),
	('512556','195090','530','-1788.82','4923.25','-21.0863','1.01275','0','0','0.48501','0.874508','1','0','0','1','0','1','0'),
	('512557','195090','530','-1786.08','4925.63','-21.1386','0.243056','0','0','0.121229','0.992625','1','0','0','1','0','1','0'),
	('512558','195090','530','-1806.29','4914.21','-22.0573','3.90301','0','0','0.928402','-0.371578','1','0','0','1','0','1','0'),
	('512559','195090','530','-1814.82','4912.82','-21.4843','3.71452','0','0','0.959249','-0.282562','1','0','0','1','0','1','0'),
	('512560','195090','530','-1808.63','4922.35','-21.8564','1.05594','0','0','0.503781','0.863832','1','0','0','1','0','1','0'),
	('512561','195090','530','-1810.52','4926.39','-21.734','1.05202','0','0','0.502087','0.864817','1','0','0','1','0','1','0'),
	('512562','195090','530','-1812.06','4920.92','-21.9526','0.945987','0','0','0.455553','0.890209','1','0','0','1','0','1','0'),
	('512563','195090','530','-1795.43','4927.2','-22.1493','0.270544','0','0','0.13486','0.990865','1','0','0','1','0','1','0'),
	('512564','195090','530','-1796.32','4931.29','-22.3174','0.129173','0','0','0.0645416','0.997915','1','0','0','1','0','1','0'),
	('512565','195090','530','-1799.12','4928.21','-22.2813','0.707226','0','0','0.34629','0.938128','1','0','0','1','0','1','0'),
	('512566','195090','530','-1783.82','4935.44','-22.5892','5.4471','0','0','0.405972','-0.913885','1','0','0','1','0','1','0'),
	('512567','195090','530','-1829.25','4920.79','-21.671','4.42216','0','0','0.801926','-0.597423','1','0','0','1','0','1','0'),
	('512568','195090','530','-1835.24','4924','-21.3785','4.00983','0','0','0.907241','-0.420611','1','0','0','1','0','1','0'),
	('512569','195090','530','-1798.26','4902.69','-21.4127','5.45889','0','0','0.400578','-0.916263','1','0','0','1','0','1','0'),
	('512570','195090','530','-1792.22','4911.42','-21.4162','5.16829','0','0','0.529022','-0.848608','1','0','0','1','0','1','0');
	
DELETE FROM `creature_quest_starter` WHERE `quest` IN (13952,14174,14175,14167,14170,14176,14168,14177,14171,14169,14166,14172,14173);
INSERT INTO `creature_quest_starter` (`id`, `quest`) VALUES
	(34435,13952),
	(34476,14174),
	(34477,14175),
	(34478,14167),
	(34479,14170),
	(34480,14176),
	(34481,14168),
	(34482,14177),
	(34483,14171),
	(34484,14169),
	(35256,14166),
	(35260,14172),
	(35261,14173);

DELETE FROM `creature_quest_finisher` WHERE `quest` IN (13952,14174,14175,14167,14170,14176,14168,14177,14171,14169,14166,14172,14173);
INSERT INTO `creature_quest_finisher` (`id`, `quest`) VALUES
	(34435,13952),
	(34476,14174),
	(34477,14175),
	(34478,14167),
	(34479,14170),
	(34480,14176),
	(34481,14168),
	(34482,14177),
	(34483,14171),
	(34484,14169),
	(35256,14166),
	(35260,14172),
	(35261,14173);

DELETE FROM `npc_gossip_textid` WHERE `creatureid` IN (18927,19148,19169,19171,19172,19173,19175,19176,19177,19178,20102);
INSERT INTO `npc_gossip_textid` (`creatureid`,`textid`) VALUES
	(18927,14544),
	(19148,14544),
	(19169,14544),
	(19171,14544),
	(19172,14544),
	(19173,14544),
	(19175,14544),
	(19176,14544),
	(19177,14544),
	(19178,14544),
	(20102,14544);

UPDATE `creature_proto` SET `auras`='65529' WHERE `entry` IN (18927,19148,19169,19171,19172,19173,19175,19176,19177,19178,20102); -- This aura is currently not changing any models in arcemu, but it should be there.
UPDATE `creature_proto` SET `auras` = '55848' WHERE `entry` IN (35243,55848,35244,35246,35247,35248,35249,35250,35251,35252,35253,35254,35258,35259,34435,34476,34477,34478,34479,34480,34481,34482,34483,34484,35256,35260,35261);
UPDATE `creature_proto` SET `auras` = '33209' WHERE `entry`=19178;
UPDATE `creature_proto` SET `auras` = '43632' WHERE `entry`=18927;
