CREATE TABLE IF NOT EXISTS `active_event_id` (
  `active_event` int(10) unsigned NOT NULL,
  `name` text COLLATE latin1_bin NOT NULL,
  PRIMARY KEY (`active_event`)
);

DELETE FROM `active_event_id` WHERE `active_event`=21;
INSERT INTO `active_event_id` (`active_event`, `name`) VALUES (21,"Darkmoon Faire: Elwynn Forest");

DELETE FROM `creature_spawns` WHERE `id` BETWEEN '400078' AND '400104';
INSERT INTO `creature_spawns` (`id`, `entry`, `map`, `position_x`, `position_y`, `position_z`, `orientation`, `movetype`, `displayid`, `faction`, `flags`, `bytes0`, `bytes1`, `bytes2`, `emote_state`, `npc_respawn_link`, `channel_spell`, `channel_target_sqlid`, `channel_target_sqlid_creature`, `standstate`, `death_state`, `mountdisplayid`, `slot1item`, `slot2item`, `slot3item`, `CanFly`, `phase`) VALUES
	('400078',14833,0,'-9579.25','21.7913','60.7461','5.05203',0,'14875',1555,'0','16777472','0','4097',0,'0','0','0','0',0,0,'0','0','0','0',0,'1'),
	('400079',14869,0,'-9554.05','125.139','59.0065','1.47803',1,'14940',1555,'0','16777472','0','4097',0,'0','0','0','0',0,0,'0','0','0','0',0,'1'),
	('400080',15303,0,'-9570.41','-10.6037','63.4679','1.47533',0,'15368',1555,'0','16777472','0','4097',0,'0','0','0','0',0,0,'0','0','0','0',0,'1'),
	('400081',14868,0,'-9538.58','133.231','58.9648','4.03171',0,'14937',1555,'0','16777472','0','4097',0,'0','0','0','0',0,0,'0','0','0','0',0,'1'),
	('400082',14871,0,'-9566.38','31.1655','61.4444','1.58992',0,'14943',1555,'0','16777472','0','4097',0,'0','0','0','0',0,0,'0','0','0','0',0,'1'),
	('400083',14869,0,'-9549.82','112.997','59.0065','3.32908',1,'14940',1555,'0','16777472','0','4097',0,'0','0','0','0',0,0,'0','0','0','0',0,'1'),
	('400084',14829,0,'-9548.9','141.163','58.9648','4.83456',0,'14856',1555,'0','16777472','0','4097',0,'0','0','0','0',0,0,'0','0','0','0',0,'1'),
	('400085',14846,0,'-9557.49','105.464','58.9648','4.64258',0,'14882',1555,'0','16777472','0','4097',0,'0','0','0','0',0,0,'0','0','0','0',0,'1'),
	('400086',14828,0,'-9533.65','95.1698','58.9648','4.03171',0,'14854',1555,'0','16777472','0','4097',0,'0','0','0','0',0,0,'0','0','0','0',0,'1'),
	('400087',10445,0,'-9541.73','87.4378','59.3029','6.23082',0,'9810',1555,'0','16777472','0','4097',0,'0','0','0','0',0,0,'0','0','0','0',0,'1'),
	('400088',14823,0,'-9554.4','81.7822','59.0065','1.08224',0,'14855',1555,'0','16777472','0','4097',0,'0','0','0','0',0,0,'0','0','0','0',0,'1'),
	('400089',14827,0,'-9558.14','78.5432','59.0065','0.488762',0,'536',1555,'0','16777472','0','4097',0,'0','0','0','0',0,0,'0','0','0','0',0,'1'),
	('400090',14864,0,'-9542.36','114.763','59.1315','3.3116',1,'14939',1555,'0','16777472','0','4097',0,'0','0','0','0',0,0,'0','0','0','0',0,'1'),
	('400091',14849,0,'-9571.82','90.374','59.0065','0.978225',0,'14890',1555,'0','16777472','0','4097',0,'0','0','0','0',0,0,'0','0','0','0',0,'1'),
	('400092',14841,0,'-9576.4','87.7237','58.9648','6.23082',0,'14877',1555,'0','16777472','0','4097',0,'0','0','0','0',0,0,'0','0','0','0',0,'1'),
	('400093',14822,0,'-9536.62','73.2432','58.9648','1.90241',0,'491',1555,'0','16777472','0','4097',0,'0','0','0','0',0,0,'0','0','0','0',0,'1'),
	('400094',14847,0,'-9560.98','103.642','58.9648','5.5676',0,'14883',1555,'0','16777472','0','4097',0,'0','0','0','0',0,0,'0','0','0','0',0,'1'),
	('400095',14869,0,'-9540.22','123.264','59.0065','5.01385',0,'14941',1555,'0','16777472','0','4097',0,'0','0','0','0',0,0,'0','0','0','0',0,'1'),
	('400096',14845,0,'-9564.5','72.2799','59.1869','0.663225',0,'14881',1555,'0','16777472','0','4097',0,'0','0','0','0',0,0,'0','0','0','0',0,'1'),
	('400097',14844,0,'-9561.12','69.9691','59.2053','1.01229',0,'14880',1555,'0','16777472','0','4097',0,'0','0','0','0',0,0,'0','0','0','0',0,'1'),
	('400098',14866,0,'-1606.1','124.909','-15.568','4.62012',2,'14936',1555,'0','16777472','0','4097',0,'0','0','0','0',0,0,'0','0','0','0',0,'1'),
	('400099',14860,0,'-9515.7','85.8905','59.3007','2.40195',2,'14589',1555,'0','16777472','0','4097',0,'0','0','0','0',0,0,'0','0','0','0',0,'1'),
	('400100',14849,0,'-9544.69','73.6216','59.0065','0.573501',0,'14912',1555,'0','16777472','0','4097',0,'0','0','0','0',0,0,'0','0','0','0',0,'1'),
	('400101',14869,0,'-9547.29','137.246','58.9143','5.09003',1,'14942',1555,'0','16777472','0','4097',0,'0','0','0','0',0,0,'0','0','0','0',0,'1'),
	('400102',14864,0,'-9545.21','130.871','59.0065','4.36626',1,'14939',1555,'0','16777472','0','4097',0,'0','0','0','0',0,0,'0','0','0','0',0,'1'),
	('400103',14865,0,'-9555.53','115.845','58.9683','5.74213',0,'14935',1555,'0','16777472','0','4097',0,'0','0','0','0',0,0,'0','0','0','0',0,'1'),
	('400104',14832,0,'-9558.18','130.175','58.9648','5.70723',0,'14876',1555,'0','16777472','0','4097',0,'0','0','0','0',0,0,'0','0','0','0',0,'1');
	
DELETE FROM `gameobject_spawns` WHERE `id` BETWEEN '505018' AND '505135';
INSERT INTO `gameobject_spawns` (`id`, `Entry`, `map`, `position_x`, `position_y`, `position_z`, `Facing`, `orientation1`, `orientation2`, `orientation3`, `orientation4`, `State`, `Flags`, `Faction`, `Scale`, `stateNpcLink`, `phase`, `overrides`) VALUES
	('505018','179965','0','-9568.45','-15.9329','63.2724','1.88374','0','0','0.808658','0.588278','1','0','0','1','0','1','0'),
	('505019','179965','0','-9593.85','-2.78177','61.0596','3.13233','0','0','0.999989','0.00463134','1','0','0','1','0','1','0'),
	('505020','180515','0','-9571.3','-18.8353','62.7875','4.90124','0','0','0.637287','-0.770626','1','0','35','1','0','1','0'),
	('505021','180524','0','-9605.2','31.1625','62.1422','0.311559','0','0','0.15515','0.987891','0','0','35','1','0','1','0'),
	('505022','179965','0','-9566.72','-6.08936','62.4968','0.400911','0','0','0.199116','0.979976','1','0','35','1','0','1','0'),
	('505023','180524','0','-9578.63','-3.2352','62.2595','1.72431','0','0','0.759247','0.650802','0','0','0','1','0','1','0'),
	('505024','180573','0','-9505.92','-372.526','57.6312','1.39221','0','0','0.641233','0.767346','1','0','0','1','0','1','0'),
	('505025','180035','0','-9607.52','8.11962','61.3373','2.02493','0','0','0.848141','0.52977','1','0','0','1','0','1','0'),
	('505026','180035','0','-9578.6','-6.51876','63.4664','0.069293','0','0','0.0346396','0.9994','1','0','0','1','0','1','0'),
	('505027','179965','0','-9572.91','-21.8701','62.3359','5.06774','0','0','0.571','-0.82095','1','0','0','1','0','1','0'),
	('505028','180036','0','-9600.74','21.1644','63.1988','5.11239','0','0','0.552532','-0.833492','1','0','0','1','0','1','0'),
	('505029','180036','0','-9603.53','52.1962','63.1735','2.55118','0','0','0.956742','0.290939','1','0','0','1','0','1','0'),
	('505030','179965','0','-9569.41','97.0819','58.8815','-0.628319','0','0','0.309017','-0.951056','1','0','0','1','0','1','0'),
	('505031','180046','0','-9572.6','33.3993','61.2556','-2.04204','0','0','0.85264','-0.522498','1','0','0','1','0','1','0'),
	('505032','179975','0','-9560.94','127.774','58.9152','1.27409','0','0','0.594823','0.803857','1','0','0','1','0','1','0'),
	('505033','179968','0','-9558.87','131.45','58.8875','-1.91986','0','0','0.819152','-0.573576','1','0','0','1','0','1','0'),
	('505034','180035','0','-9562.45','120.571','60.4093','-1.13446','0','0','0.5373','-0.843391','1','0','0','1','0','1','0'),
	('505035','180032','0','-9560.39','106.003','60.5481','3.00197','0','0','0.997564','0.069757','1','0','0','1','0','1','0'),
	('505036','179967','0','-9570.38','73.6094','60.0989','2.26893','0','0','0.906308','0.422618','1','0','0','1','0','1','0'),
	('505037','179975','0','-9535.88','110.817','58.8815','1.36136','0','0','0.62932','0.777146','1','0','0','1','0','1','0'),
	('505038','180049','0','-9573.65','33.65','61.7434','-1.36136','0','0','0.629321','-0.777146','1','0','0','1','0','1','0'),
	('505039','180043','0','-9573.83','82.3919','58.8815','2.56563','0','0','0.95882','0.284015','1','0','0','1','0','1','0'),
	('505040','179965','0','-9564.48','128.845','59.1488','2.93215','0','0','0.994522','0.104528','1','0','0','1','0','1','0'),
	('505041','179965','0','-9572.12','77.6323','58.882','0.558505','0','0','0.275637','0.961262','1','0','0','1','0','1','0'),
	('505042','179965','0','-9515.8','75.137','59.6035','-0.226893','0','0','0.113203','-0.993572','1','0','0','1','0','1','0'),
	('505043','180040','0','-9558.64','119.835','58.854','-1.20428','0','0','0.566406','-0.824126','1','0','114','1','0','1','0'),
	('505044','180043','0','-9533.74','74.5172','58.8815','-1.27409','0','0','0.594823','-0.803857','1','0','0','1','0','1','0'),
	('505045','180047','0','-9577.95','29.7229','61.0439','-2.72271','0','0','0.978148','-0.207912','1','0','0','1','0','1','0'),
	('505046','180038','0','-9554.68','138.057','59.187','-1.01229','0','0','0.48481','-0.87462','1','0','0','1','0','1','0'),
	('505047','180045','0','-9580.79','28.3274','60.6627','-1.309','0','0','0.608761','-0.793353','1','0','0','1','0','1','0'),
	('505048','180048','0','-9577.74','29.818','61.5466','0.663225','0','0','0.325568','0.945519','1','0','0','1','0','1','0'),
	('505049','180029','0','-9515.35','86.6149','59.0797','2.96706','0','0','0.996195','0.087156','1','0','0','1.75','0','1','0'),
	('505050','180043','0','-9546.52','140.876','58.8815','-1.18682','0','0','0.559193','-0.829037','1','0','0','1','0','1','0'),
	('505051','180006','0','-9559.52','53.4495','60.136','1.36136','0','0','0.62932','0.777146','1','0','0','1','0','1','0'),
	('505052','180034','0','-9530','99.0359','59.3857','-0.994838','0','0','0.477159','-0.878817','1','0','0','1','0','1','0'),
	('505053','180037','0','-9553.33','110.428','59.1801','-1.25664','0','0','0.587785','-0.809017','1','0','0','1','0','1','0'),
	('505054','180035','0','-9521.37','96.6575','60.8029','-0.855212','0','0','0.414693','-0.909961','1','0','0','1','0','1','0'),
	('505055','180043','0','-9530.79','92.2459','58.8815','-3.12414','0','0','0.999962','-0.008727','1','0','0','1','0','1','0'),
	('505056','179965','0','-9530.22','74.4355','58.8815','1.98968','0','0','0.838671','0.544639','1','0','0','1','0','1','0'),
	('505057','179965','0','-9542.1','69.9565','58.8932','1.8326','0','0','0.793353','0.608761','1','0','0','1','0','1','0'),
	('505058','180035','0','-9551.88','55.3052','61.1185','1.95477','0','0','0.829038','0.559193','1','0','0','1','0','1','0'),
	('505059','180043','0','-9563.43','99.4973','58.8815','-1.64061','0','0','0.731354','-0.681998','1','0','0','1','0','1','0'),
	('505060','180045','0','-9573.3','37.0724','60.4675','3.00197','0','0','0.997564','0.069757','1','0','0','1','0','1','0'),
	('505061','180043','0','-9537.02','98.595','58.8815','-2.9147','0','0','0.993572','-0.113203','1','0','0','1','0','1','0'),
	('505062','180030','0','-9534.2','68.6959','59.3954','-1.69297','0','0','0.748956','-0.66262','1','0','0','1','0','1','0'),
	('505063','180046','0','-9571.2','28.7882','61.4907','2.54818','0','0','0.956305','0.292372','1','0','0','1','0','1','0'),
	('505064','180043','0','-9566.04','76.5801','58.8981','0.855211','0','0','0.414693','0.909961','1','0','0','1','0','1','0'),
	('505065','180046','0','-9577.11','28.9335','61.0503','0.767945','0','0','0.374607','0.927184','1','0','0','1','0','1','0'),
	('505066','180035','0','-9576.63','74.4836','60.7141','-0.820305','0','0','0.398749','-0.91706','1','0','0','1','0','1','0'),
	('505067','180043','0','-9553.62','104.592','58.8828','-1.98968','0','0','0.838671','-0.544639','1','0','0','1','0','1','0'),
	('505068','179972','0','-9570.34','73.6059','58.9049','0.872665','0','0','0.422618','0.906308','1','0','0','1','0','1','0'),
	('505069','180006','0','-9555.57','54.1968','60.1749','2.11185','0','0','0.870356','0.492424','1','0','0','1','0','1','0'),
	('505070','179968','0','-9559.52','130.32','58.8953','0.750492','0','0','0.366501','0.930418','1','0','0','1','0','1','0'),
	('505071','180038','0','-9560.48','123.28','59.2266','0.20944','0','0','0.104528','0.994522','1','0','0','1','0','1','0'),
	('505072','180036','0','-9551.95','41.1687','61.8756','-0.418879','0','0','0.207912','-0.978148','1','0','0','1','0','1','0'),
	('505073','180044','0','-9547.15','84.5487','58.1561','-0.907571','0','0','0.438371','-0.898794','1','0','0','1','0','1','0'),
	('505074','180043','0','-9556.71','69.5335','58.9567','-0.820305','0','0','0.398749','-0.91706','1','0','0','1','0','1','0'),
	('505075','179965','0','-9540.73','34.5314','59.5549','-0.191986','0','0','0.095846','-0.995396','1','0','0','1','0','1','0'),
	('505076','179970','0','-9568.37','76.0546','58.8809','-1.6057','0','0','0.71934','-0.694658','1','0','0','1','0','1','0'),
	('505077','179965','0','-9528.68','91.8029','58.8889','-2.56563','0','0','0.95882','-0.284015','1','0','0','1','0','1','0'),
	('505078','179975','0','-9535.4','130.943','58.8839','2.33874','0','0','0.920505','0.390731','1','0','0','1','0','1','0'),
	('505079','180043','0','-9531.2','117.723','59.1229','2.05949','0','0','0.857167','0.515038','1','0','0','1','0','1','0'),
	('505080','179965','0','-9526.89','62.1373','59.5495','-0.872665','0','0','0.422618','-0.906308','1','0','0','1','0','1','0'),
	('505081','179973','0','-9569.09','74.8281','58.8618','0.261799','0','0','0.130526','0.991445','1','0','0','1','0','1','0'),
	('505082','180041','0','-9556.3','116.333','58.8582','-1.98968','0','0','0.838671','-0.544639','1','0','114','1','0','1','0'),
	('505083','179968','0','-9534.25','128.669','58.9019','-0.767945','0','0','0.374607','-0.927184','1','0','0','1','0','1','0'),
	('505084','180036','0','-9558.04','15.1922','63.009','0.715585','0','0','0.350207','0.936672','1','0','0','1','0','1','0'),
	('505085','180031','0','-9563.75','66.4712','60.5913','-1.93731','0','0','0.824126','-0.566406','1','0','0','1','0','1','0'),
	('505086','180035','0','-9558.93','135.616','60.3051','-2.25148','0','0','0.902585','-0.430511','1','0','0','1','0','1','0'),
	('505087','180038','0','-9532.87','120.536','59.2362','-2.96706','0','0','0.996195','-0.087156','1','0','0','1','0','1','0'),
	('505088','180042','0','-9576.61','89.6703','58.8815','0.575959','0','0','0.284015','0.95882','1','0','0','1','0','1','0'),
	('505089','180048','0','-9573.39','33.7','61.7433','0.977384','0','0','0.469472','0.882948','1','0','0','1','0','1','0'),
	('505090','180035','0','-9523.69','69.3342','60.3902','1.01229','0','0','0.48481','0.87462','1','0','0','1','0','1','0'),
	('505091','180047','0','-9571.72','27.8073','61.4719','-1.06465','0','0','0.507538','-0.861629','1','0','0','1','0','1','0'),
	('505092','180045','0','-9568.85','26.1816','61.2764','0.767945','0','0','0.374607','0.927184','1','0','0','1','0','1','0'),
	('505093','179968','0','-9535.15','113.199','58.8815','-1.76278','0','0','0.771625','-0.636078','1','0','0','1','0','1','0'),
	('505094','180046','0','-9574.43','33.592','61.162','-1.29154','0','0','0.601815','-0.798635','1','0','0','1','0','1','0'),
	('505095','180039','0','-9550.79','144.551','59.3467','2.54818','0','0','0.956305','0.292372','1','0','0','1','0','1','0'),
	('505096','180035','0','-9556.89','4.93777','61.6764','0.715585','0','0','0.350207','0.936672','1','0','0','1','0','1','0'),
	('505097','180049','0','-9571.81','28.07','61.9897','2.79253','0','0','0.984808','0.173648','1','0','0','1','0','1','0'),
	('505098','180335','0','-9569.42','74.9086','58.9041','-0.366519','0','0','0.182236','-0.983255','1','0','0','1','0','1','0'),
	('505099','180035','0','-9545.69','27.9266','60.59','-2.25148','0','0','0.902585','-0.430511','1','0','0','1','0','1','0'),
	('505100','179965','0','-9513.38','86.4162','59.6696','-0.349066','0','0','0.173648','-0.984808','1','0','0','1','0','1','0'),
	('505101','179968','0','-9536.48','108.306','58.8908','-2.75762','0','0','0.981627','-0.190809','1','0','0','1','0','1','0'),
	('505102','180043','0','-9539.89','72.8221','58.8815','2.72271','0','0','0.978148','0.207912','1','0','0','1','0','1','0'),
	('505103','180035','0','-9549.23','65.4561','60.4817','0.418879','0','0','0.207912','0.978148','1','0','0','1','0','1','0'),
	('505104','180043','0','-9541.98','80.8587','59.1252','-0.087267','0','0','0.04362','-0.999048','1','0','0','1','0','1','0'),
	('505105','180053','0','-9574.1','30.2205','61.2259','1.22173','0','0','0.573576','0.819152','1','0','0','1','0','1','0'),
	('505106','181029','0','-9574.1','30.2205','61.2259','1.22173','0','0','0.573576','0.819152','1','0','0','1','0','1','0'),
	('505107','180037','0','-9542','136.385','59.2148','-1.13446','0','0','0.5373','-0.843391','1','0','0','1','0','1','0'),
	('505108','179965','0','-9532.9','133.527','58.986','0.575959','0','0','0.284015','0.95882','1','0','0','1','0','1','0'),
	('505109','180035','0','-9530.71','125.602','59.8683','-1.43117','0','0','0.656059','-0.75471','1','0','0','1','0','1','0'),
	('505110','180035','0','-9539.58','138.433','60.2842','2.53073','0','0','0.953717','0.300706','1','0','0','1','0','1','0'),
	('505111','180040','0','-9557.69','134.367','58.8329','-2.26893','0','0','0.906308','-0.422618','1','0','114','1','0','1','0'),
	('505112','180035','0','-9533.44','109.463','60.0964','-1.95477','0','0','0.829038','-0.559193','1','0','0','1','0','1','0'),
	('505113','180035','0','-9542.16','42.035','60.9323','-1.22173','0','0','0.573576','-0.819152','1','0','0','1','0','1','0'),
	('505114','179968','0','-9535.4','112.285','58.8815','1.58825','0','0','0.71325','0.700909','1','0','0','1','0','1','0'),
	('505115','180047','0','-9573.48','33.6922','61.2497','-1.71042','0','0','0.75471','-0.656059','1','0','0','1','0','1','0'),
	('505116','179965','0','-9572.74','40.4953','60.4069','1.44862','0','0','0.66262','0.748956','1','0','0','1','0','1','0'),
	('505117','179965','0','-9538.01','103.002','58.9158','-2.1293','0','0','0.87462','-0.48481','1','0','0','1','0','1','0'),
	('505118','180040','0','-9538.27','133.446','58.8815','2.47837','0','0','0.945519','0.325568','1','0','114','1','0','1','0'),
	('505119','179968','0','-9533.8','128.406','59.6028','-2.16421','0','0','0.882948','-0.469472','1','0','0','1','0','1','0'),
	('505120','179965','0','-9551.97','106.014','58.8853','-1.43117','0','0','0.656059','-0.75471','1','0','0','1','0','1','0'),
	('505121','180043','0','-9557.68','54.6593','60.3315','1.71042','0','0','0.75471','0.656059','1','0','0','1','0','1','0'),
	('505122','180035','0','-9534.68','63.1606','60.2981','-0.05236','0','0','0.026177','-0.999657','1','0','0','1','0','1','0'),
	('505123','179968','0','-9533.51','127.849','58.9001','2.94961','0','0','0.995396','0.095846','1','0','0','1','0','1','0'),
	('505124','180524','0','-9544.44','140.065','58.8815','-2.04204','0','0','0.85264','-0.522498','0','0','35','1','0','1','0'),
	('505125','180524','0','-9533.17','124.821','58.9729','-2.9147','0','0','0.993572','-0.113203','0','0','35','1','0','1','0'),
	('505126','180524','0','-9584.94','79.6764','60.4523','-1.16937','0','0','0.551937','-0.833886','0','0','35','1','0','1','0'),
	('505127','180524','0','-9520.97','91.3967','59.3657','-2.46091','0','0','0.942641','-0.333807','0','0','35','1','0','1','0'),
	('505128','180524','0','-9546.56','87.8324','59.4187','-3.03687','0','0','0.99863','-0.052336','0','0','35','1','0','1','0'),
	('505129','180524','0','-9522.69','74.1969','59.1998','2.46091','0','0','0.942641','0.333807','0','0','35','1','0','1','0'),
	('505130','180524','0','-9552.22','111.492','58.8853','0.261799','0','0','0.130526','0.991445','0','0','35','1','0','1','0'),
	('505131','180524','0','-9553.61','67.2332','59.2847','1.29154','0','0','0.601815','0.798636','0','0','35','1','0','1','0'),
	('505132','180524','0','-9549.28','28.2097','59.4478','2.79253','0','0','0.984808','0.173648','0','0','35','1','0','1','0'),
	('505133','180524','0','-9533.64','115.556','58.9128','2.89725','0','0','0.992546','0.121869','0','0','35','1','0','1','0'),
	('505134','180524','0','-9574.56','79.7395','58.8815','0.593412','0','0','0.292372','0.956305','0','0','35','1','0','1','0'),
	('505135','180524','0','-9566.92','99.248','58.8815','-0.925024','0','0','0.446198','-0.894934','0','0','35','1','0','1','0');

DELETE FROM `creature_waypoints` WHERE `spawnid` IN (400098,400099);
INSERT INTO `creature_waypoints` (`spawnid`,`waypointid`,`position_x`,`position_y`,`position_z`,`waittime`,`flags`,`forwardemoteoneshot`,`forwardemoteid`,`backwardemoteoneshot`,`backwardemoteid`,`forwardskinid`,`backwardskinid`) VALUES
	('400098',1,'-9502.26','77.9182','57.5324','0','256',0,'0',0,'0','14936','14936'),
	('400098',2,'-9481.24','65.8697','56.1926','0','256',0,'0',0,'0','14936','14936'),
	('400098',3,'-9466.7','58.9703','56.238','0','256',0,'0',0,'0','14936','14936'),
	('400098',4,'-9458.44','70.577','56.4533','0','256',0,'0',0,'0','14936','14936'),
	('400098',5,'-9481.63','73.2394','56.5002','0','256',0,'0',0,'0','14936','14936'),
	('400098',6,'-9511.39','77.4238','59.1633','0','256',0,'0',0,'0','14936','14936'),
	('400098',7,'-9556','80.5177','58.8818','0','256',0,'0',0,'0','14936','14936'),
	('400098',8,'-9558.74','95.8773','58.8826','0','256',0,'0',0,'0','14936','14936'),
	('400098',9,'-9517.49','85.7543','59.4996','0','256',0,'0',0,'0','14936','14936'),
	('400099',1,'-9514.32','85.2523','59.6394','0','256',0,'0',0,'0','14589','14589'),
	('400099',2,'-9500.13','75.988','56.9262','0','256',0,'0',0,'0','14589','14589'),
	('400099',3,'-9468.6','58.2751','56.3321','0','256',0,'0',0,'0','14589','14589'),
	('400099',4,'-9457.12','64.6164','55.9461','0','256',0,'0',0,'0','14589','14589'),
	('400099',5,'-9456.38','70.3721','56.4487','0','256',0,'0',0,'0','14589','14589'),
	('400099',6,'-9497.12','75.3846','56.5196','0','256',0,'47',0,'0','14589','14589'),
	('400099',7,'-9536.15','78.6537','58.8815','0','256',0,'0',0,'0','14589','14589'),
	('400099',8,'-9553.78','79.3701','58.8835','0','256',0,'0',0,'0','14589','14589'),
	('400099',9,'-9558.93','91.4667','58.8817','0','256',0,'0',0,'0','14589','14589'),
	('400099',10,'-9546.51','100.68','59.1198','0','256',0,'0',0,'0','14589','14589'),
	('400099',11,'-9528.08','87.3365','58.8825','0','256',0,'0',0,'0','14589','14589');
